"","Richness","Shannon.H","Evenness","chloroplasts...1","chloroplasts...2","chloroplasts...nb","chloroplasts...NA","chloroplasts...2..rarely.4.","chloroplasts...0","chloroplasts...4","chloroplasts...2..or.several.","shape.chloroplasts...plate.like","shape.chloroplasts...H.shaped","shape.chloroplasts...lobed","shape.chloroplasts...discoid","shape.chloroplasts...0","shape.chloroplasts...H.shape","shape.chloroplasts...NA","shape.chloroplasts....","shape.chloroplasts...picture..TCC534.","shape.chloroplasts...lobed..small.plate.like","shape.chloroplasts...lobed..plate","shape.chloroplasts...ribbon","Total.Biovolume","Size.class.1","Size.class.2","Size.class.3","Size.class.4","Size.class.5","Size.class.Indet","Size.Taxa.used","Guild..HP","Guild..LP","Guild..Mot","Guild..Plank","Guild..Indet","Guilds.Taxa.used","VD.Salinity.1","VD.Salinity.2","VD.Salinity.3","VD.Salinity.4","VD.Salinity.Indet","VD.Salinity.Taxa.used","VD.N.Het.1","VD.N.Het.2","VD.N.Het.3","VD.N.Het.4","VD.N.Het.Indet","VD.N.Het.Taxa.used","VD.Oxygen.1","VD.Oxygen.2","VD.Oxygen.3","VD.Oxygen.4","VD.Oxygen.5","VD.Oxygen.Indet","VD.Oxygen.Taxa.used","VD.Saprobity.1","VD.Saprobity.2","VD.Saprobity.3","VD.Saprobity.4","VD.Saprobity.5","VD.Saprobity.Indet","VD.Saprobity.Taxa.used","VD.Aero.1","VD.Aero.2","VD.Aero.3","VD.Aero.4","VD.Aero.5","VD.Aero.Indet","VD.Aero.Taxa.used","VD.Trophic.1","VD.Trophic.2","VD.Trophic.3","VD.Trophic.4","VD.Trophic.5","VD.Trophic.6","VD.Trophic.7","VD.Trophic.Indet","VD.Trophic.Taxa.used","IPS","IPS20","TDI20","TDI100","IDP","IDP20","ILM","ILM20","DES","DES20","EPID","EPID20","IDAP","IDAP20","IDCH","IDCH20","LOBO","LOBO20","SLA","SLA20","SPEAR","PBIDW","DISP","HS1","HS2","HS3","HS4","HS5","LS1","LS2","LS3","LS4","LS5","MS1","MS2","MS3","MS4","MS5","PS1","PS2","PS3","PS4","PS5","CEMFGS.class.Indet","CEMFGS.Taxa.used"
"X",164,4.90971819405034,0.962715056077463,35.23,53.94,1.57,1.03,1.15,2.99,1.95,2.09,57.39,4.41,1.52,0.17,4.44,15.2,1.03,3.1,1.34,1.4,6.52,3.43,141313.639667,9.49,20.82,26.25,20.8,20.14,2.5,19,12.64,12.97,71.72,0,2.67,59,3.01,68.45,11.03,9.26,8.2,18,7.96,53.65,9.84,10.72,17.8,17,8.92,20.05,37.8,17.05,0.44,0,18,4.06,26.44,37.45,18.91,2.78,10.4,18,10.66,25.58,39.99,7.03,0,16.7,18,0,2.2,4.81,9.2,45.66,7.14,20.69,10.3,18,3.07270634146342,10.8453551219512,7.70071606266389,64.7330733544006,2.1692321147455,9.6961474549589,3.13983202464964,11.1642021170858,3.53084161003659,13.0214976476738,2.11441122431936,9.95654668448305,2.62568602425016,8.72200861518826,5.03219523373052,9.05662213565536,2.34998038959341,9.54942580729507,2.11136277122193,9.97102683669585,7.54114090402194,3.5311,2.31004157339303,0,0.54,0.42,2.23,2.2,0.01,1.06,2.64,0.42,0.54,3.8,8.53,8.36,8.64,11.27,0,1.39,0,0.06,0,47.9,87
"S1_LI1_DAY0",32,1.60002281129269,0.461668995032236,14.39,82.48,2.82,0,0,0.28,0,0,81.07,0,0,2.82,3.1,11.58,0,0,0.28,0,0.84,0.28,44856.2809817778,0.28,12.99,80.22,5.64,0.56,0.3,18,0.56,1.97,94.34,0,3.13,18,0.28,94.9,3.95,0.56,0.3,17,0.28,6.48,12.99,79.66,0.6,15,0.56,9.6,3.95,81.63,3.67,0,16,0.28,0.84,14.4,6.2,77.97,0.3,16,1.69,7.62,89.82,0.56,0,0.3,16,0,0,0.28,1.98,16.65,80.22,0.56,0.3,16,1.33846872082166,2.60772642390289,5.35046728971963,77.1028037383177,3.57477341389728,3.01982628398791,2.07065111758989,6.08559280855199,1.18446601941748,1.87621359223301,2.93456375838926,6.06082214765101,2.12868217054264,6.36124031007752,7.43183609141056,2.54399684791174,3.8008,18.7374664,2.55907738095238,7.84438244047619,6.40674160772589,14.1244,2.080194629663,0,0,0,0.24,0.24,0,0,1.46,0.24,0,0.24,11.4,68.2,2.19,0.24,0,0.24,0,2.43,0,12.9,21
"S1_LI2_DAY0",17,1.12198489114266,0.396011438212539,47.87,51.38,0,0,0,0,0.74,0,51.38,0,0,0,0,47.87,0,0.74,0,0,0,0,31248.01,0.18,46.39,49.91,3.51,0,0,13,0,0,99.99,0,0.01,7,0,99.07,0.92,0,0,12,0.74,3.51,45.28,50.46,0,12,0.74,45.1,3.5,50.65,0,0,12,0,0.74,48.6,0.74,49.91,0,12,0.74,3.32,95.93,0,0,0,12,0,0,0,3.51,46.57,49.91,0,0,12,1.79411764705882,4.77205882352941,5.75,75,3.62091503267974,2.80065359477124,2.09383116883117,6.19569805194805,1.16074450084602,1.76353637901861,2.82446808510638,6.58377659574468,1.89642857142857,5.25803571428571,7.41211604095563,2.59751706484642,3.97089947089947,19.8147063492063,2.56508474576271,7.81584745762712,0,35.311,2.04304091304768,0,0,0,0,0,0,0,0,0,0,0.18,44.58,49.38,3.37,0,0,0,0,0,0,2.5,8
"S1_LI3_DAY0",34,1.99176772822359,0.564822488886155,17.3,82.69,0,0,0,0,0,0,86.54,0.32,0,0,1.92,9.93,0,0,0,0,1.28,0,44262.5032888889,0,21.15,75.96,1.28,1.6,0,15,0.64,6.09,93.26,0,0.01,15,0,88.45,9.94,0.64,1,12,0.32,17.31,10.25,71.15,1,12,0.32,9.61,7.05,82.05,0,0,12,0,0.96,16.98,11.22,69.87,1,12,0.64,1.6,96.79,0,0,1,12,0,0,0.32,0.32,27.88,70.51,0,1,12,1.44087591240876,3.09416058394161,4.39427083333333,82.1354166666667,3.41385135135135,3.78420608108108,2.13630952380952,6.39747023809524,1.29595588235294,2.40579044117647,2.68708053691275,7.23636744966443,1.94251497005988,5.47694610778443,7.24361022364217,3.05484185303514,3.68476357267951,18.0026077057793,2.55890207715134,7.84521513353116,7.81671157951357,11.7703333333333,2.28593272171254,0,0,0,0.5,0,0,0,4.5,0,0.25,0,18.25,54.75,0.75,1,0,0,0,0,0,20,19
"S1_X1_DAY0",22,1.49509677044231,0.48368690919076,56.57,43.21,0,0,0,0,0.22,0,43.21,0,0,0,0,56.35,0,0.22,0,0,0.22,0,43859.657,0,40.98,41.43,17.15,0.44,0,16,0.22,0,99.78,0,0,10,0,98.22,1.34,0,0.4,16,0.22,17.82,39.87,41.43,0.7,16,0.22,40.09,16.71,42.32,0,0,16,0,0.44,56.58,0.89,41.43,0.7,16,0.22,16.26,82.86,0,0,0.7,16,0,0,0,16.48,41.43,41.43,0,0.7,16,1.92170880557977,5.37811682650392,5.74028629856851,75.0511247443763,3.45593525179856,3.58430755395683,2.26219653179191,6.99543352601156,1.62476547842402,3.96763602251407,2.7278,7.04295,2.01212121212121,5.80757575757576,7.03211991434689,3.62882655246253,3.95044052863436,19.6851398678414,2.49437751004016,8.15170682730924,2.22941310914317,23.5406666666667,2.05831798649478,0,0.42,0,0,0,0,0,0,0,0,0,37.73,38.76,15.88,0.42,0,0,0,0,0,6.8,12
"S1_X2_DAY0",14,0.861803587805245,0.326557357482979,21.91,77.85,0,0,0,0,0.23,0,77.85,0,0,0,0,21.91,0,0.23,0,0,0,0,56636.7693528889,0.23,1.16,76.46,21.91,0.23,0,13,0,0.23,99.76,0,0.01,9,0,98.83,0.93,0.23,0,12,0.23,22.84,0.23,76.69,0,11,0.46,0,22.37,76.69,0.47,0,11,0,0.46,22.37,0.7,76.46,0,11,0.23,22.61,76.92,0.23,0,0,11,0,0,0,21.91,1.62,76.46,0,0,11,1.2909756097561,2.38213414634146,5.66684901531729,75.437636761488,3.54308390022676,3.1703514739229,2.19705014749263,6.68598820058997,1.46557759626604,3.21149358226371,2.79027777777778,6.74618055555555,1.94736842105263,5.5,7.18652849740933,3.20976165803109,3.97222222222222,19.8230833333333,2.52015018773467,8.02928660826032,0,35.311,2.02382690648437,0,0,0,0,0,0,0,0,0.22,0,0.22,0.89,73.22,20.98,0.22,0,0,0,0,0,4.2,9
"S1_X3_DAY0",25,1.33478813331035,0.414675248730665,13.87,85.33,0,0,0,0.52,0.26,0,85.33,0,0,0,1.04,13.35,0,0.26,0,0,0,0,38132.062,0.26,17.54,79.05,2.35,0.52,0.3,14,0,0.52,99.2,0,0.28,8,0,92.66,6.28,0.26,0.8,12,0.26,8.89,11.52,78.53,0.8,11,0.26,11.26,2.09,85.59,0,0,11,0,0.26,14.13,6.28,78.53,0.8,11,0.78,2.09,96.07,0,0,1.1,11,0,0,0,2.35,17.54,79.05,0,1.1,11,1.2723292469352,2.29356392294221,5.34619686800895,77.1252796420582,3.60703812316716,2.86656891495601,2.05913591359136,6.03089558955896,1.17484662576687,1.83052147239264,3.02941176470588,5.61029411764706,1.61186440677966,3.90635593220339,7.35764375876578,2.74535483870968,3.93561208267091,19.5912313195549,2.62253333333333,7.54296666666666,0,35.311,2.14458413926499,0,0,0,0,0,0,0,0.46,0,0,0,16.24,69.84,2.09,0.46,0,0.23,0,0,0,10.7,11
"S1_HI1_DAY0",30,1.16682713950821,0.34306363570643,6.5,92.22,0.52,0,0,0.52,0.26,0,92.22,0,0,0.52,0.52,6.5,0,0.26,0,0,0,0,41619.3511,0,11.18,83.12,4.42,0.78,0.5,14,0,0,98.98,0,1.02,13,0,96.12,2.86,0,1,13,2.08,7.02,3.38,86.5,1,13,2.08,2.86,8.84,84.42,0.78,0,13,1.82,0.26,11.7,2.86,82.34,1,13,0.52,9.1,89.1,0.26,0,1,13,0,1.82,0,3.9,10.4,82.34,0.52,1,13,1.22302158273381,2.05935251798561,5.64797136038186,75.5369928400955,3.62328767123288,2.78938356164383,2.09381533101045,6.19562282229965,1.31216216216216,2.48277027027027,2.77836812144213,6.80275142314991,1.89655172413793,5.25862068965517,7.25813008130081,3.01543495934959,3.88343108504399,19.2607690615836,2.5578313253012,7.85030120481928,3.42846925874157,23.5406666666667,2.02745688933534,0,0,0,0,0,0,0,0,0,0,0,10.55,78.69,3.93,0.99,0,0.49,0,0.49,0,4.9,17
"S1_HI2_DAY0",22,1.42670341256707,0.461560601025394,51.44,48.28,0,0,0,0.26,0,0,48.54,0,0,0,0.26,51.18,0,0,0,0,0,0,40413.17,0.26,39.31,46.96,13.19,0,0.3,17,0.26,0.26,99.2,0,0.28,9,0.26,98.41,1.05,0,0.3,17,0.26,14.24,38.25,46.97,0.3,16,0.26,37.99,14.24,47.23,0,0,16,0.26,0,52.23,0.79,46.44,0.3,16,0,13.46,86,0.26,0,0.3,16,0,0,0.26,12.93,40.09,46.44,0,0.3,16,1.8302780638517,4.94382080329557,5.45169082125604,76.5700483091787,3.50714285714286,3.34107142857143,2.21008064516129,6.74788306451613,1.5175983436853,3.45859213250518,2.73357314148681,7.01552757793765,2.01438848920863,5.81834532374101,7.1632183908046,3.27302528735632,3.95724465558195,19.7282304038005,2.49844444444444,8.13238888888889,1.34221712472178,23.5406666666667,2.03337881809594,0,0,0,0.25,0,0,0,0.25,0,0,0.25,36.97,44.42,12.16,0,0,0.25,0,0,0,5.5,12
"S1_HI3_DAY0",36,1.66237850872299,0.463895555534357,8.49,91.21,0,0,0,0.28,0,0,89.51,0,0,0,1.98,8.21,0,0,0,0,0,0.28,41951.5320817778,0.28,13.6,81.01,3.39,1.7,0,16,0.28,0.56,99.14,0,0.02,15,0,93.18,5.1,0.28,1.4,15,0,9.05,6.8,82.43,1.7,14,0.28,5.1,5.65,86.97,0.28,0,14,0,0.28,11.03,6.52,80.45,1.7,14,0.28,5.65,91.79,0.28,0,2,13,0,0,0,2.83,13.88,80.73,0.84,1.7,13,1.28817689530686,2.36884025270758,5.12473460721868,78.2908704883227,3.55701754385965,3.10416666666667,2.08106402164112,6.13505410279531,1.25766871165644,2.2239263803681,2.88882882882883,6.27806306306306,1.81896551724138,4.89008620689655,7.30524079320113,2.88757648725213,3.84929356357928,19.0445761381476,2.58826666666667,7.70573333333333,2.48833912450524,23.5406666666667,2.14698447092813,0,0,0,0,0.24,0,0,0.24,0.24,0,0,11.62,69.44,3.09,1.42,0,0,0,0,0,13.7,19
"S1_LI1_DAY15",47,3.02504135544896,0.785694905334376,40.12,48.86,11,0,0,0,0,0,49.18,1.94,3.24,0,0.32,32.03,0,0,0,11,2.27,0,208203.440248222,0,34.29,39.16,11.01,15.52,0,15,16.5,2.9,80.58,0,0.02,21,1.94,79.92,15.53,1.62,1,15,1.94,33,40.45,23.3,1.3,15,2.26,29.13,36.24,31.06,0,0,15,1.94,3.56,61.16,8.73,23.3,1.3,15,0.32,27.51,69.57,1.29,0,1.3,15,0,0,1.94,3.24,59.21,23.62,10.68,1.3,15,2.37413984461709,7.52716426193119,5.09840954274354,78.4294234592445,2.80645161290323,6.66935483870968,2.58185011709602,8.51378805620609,2.28857142857143,7.12071428571429,2.51897356143079,8.03487558320373,2.58671586715867,8.53690036900369,6.31472081218274,5.57584771573604,3.0775,14.1568075,2.355,8.81375,2.50471454814702,11.7703333333333,2.40659033789444,0,0.22,2.18,1.31,7.42,0,0,0.88,0.22,0.87,0,23.59,25.78,6.33,2.41,0,0,0,0,0,28.8,27
"S1_LI2_DAY15",40,2.16170515947454,0.586005909481198,17.87,77.72,4.4,0,0,0,0,0,77.46,0,0,0,0.52,15.8,0,0,0,4.4,1.81,0,106882.184,0,18.65,67.61,7.77,5.96,0,11,5.44,0.26,94.29,0,0.01,16,0.78,89.36,8.55,0.26,1,9,0.78,14.5,17.61,65.8,1.3,9,0.78,14.76,11.65,71.24,0.26,0,9,0.78,1.81,24.86,5.44,65.8,1.3,9,0.26,8.54,89.89,0,0,1.3,9,0,0,0.78,1.81,28.23,66.06,1.81,1.3,9,1.5811872909699,3.76063963210702,4.71166394779771,80.4649265905383,3.42847411444142,3.71474795640327,2.22385542168675,6.81331325301205,1.36635220125786,2.74017295597484,2.70196374622356,7.16567220543807,2.30710382513661,7.20874316939891,7.24081632653061,3.06242448979592,3.62949101796407,17.6525666167665,2.49836888331242,8.132747804266,0.639264925687457,14.1244,2.27441206543967,0,0.2,0,0.6,3.38,0,0,0.2,0,0,0,16.3,53.09,5.36,1.2,0,0,0,0,0,19.7,20
"S1_LI3_DAY15",28,1.53222712973057,0.459823856864657,8.92,83.92,6.44,0,0,0.74,0,0,83.92,0,0,0,0.74,8.92,0,0,0,6.44,0,0,137908.3005,0,8.67,75.99,3.47,11.15,0.7,17,10.65,0,88.63,0,0.72,12,0.25,95.56,3.22,0,1,15,0.25,10.41,14.61,73.76,1,14,4.21,8.17,12.39,74.01,0.25,0,14,0.25,4.46,20.06,0.5,73.76,1,14,0,9.92,89.11,0,0,1,14,0,0,0.25,4.46,18.33,73.76,2.23,1,14,1.5091066782307,3.41825672159584,6.28192534381139,72.2003929273084,3.52216066481994,3.26973684210526,2.23862300587741,6.88345927791772,1.33619456366237,2.59692417739628,2.61975308641975,7.55617283950617,2.95652173913043,10.2934782608696,7.22206303724928,3.11332091690544,3.78781512605042,18.6552331932773,2.50403225806452,8.10584677419355,0,23.5406666666667,2.05673841155654,0,0,0,0.22,9.35,0,0,0,0,0,0,8.02,70.37,2.9,0.67,0,0.67,0,0,0,7.8,16
"S1_X1_DAY15",24,1.53858889093192,0.484129273154403,72.24,27.53,0,0,0,0,0.24,0,27.53,0,0,0,0,72.24,0,0.24,0,0,0,0,32177.224,1.18,64.94,24,8.95,0.94,0,15,0,0,100.01,0,0,10,0,96.48,2.59,0,0.9,14,0.24,13.18,64.71,20.94,0.9,14,0.24,63.53,12.24,23.06,0,0,14,0,0.24,75.77,2.12,20.94,0.9,14,0.24,11.06,87.77,0,0,0.9,14,0,0,0,8.24,66.83,20.94,3.06,0.9,14,2.34424603174603,7.38516865079365,5.43595041322314,76.6528925619835,3.35062893081761,4.08451257861635,2.35009310986965,7.41294227188082,1.81533101045296,4.87282229965157,2.69946524064171,7.17754010695187,2.15748031496063,6.49803149606299,6.80109489051095,4.25582846715329,3.69767441860465,18.0843720930233,2.48888888888889,8.17777777777778,1.00525333115733,35.311,2.2158614402917,0,0,0,0,0,0,0,0,0,0,1.08,60,23.02,8.18,1.08,0,0,0,0,0,6.6,15
"S1_X2_DAY15",40,2.38399660746119,0.646265793478964,18.49,81.5,0,0,0,0,0,0,82.96,0,0,0,0.24,16.3,0,0,0,0,0.49,0,47208.128352,1.7,24.09,61.55,9.73,2.92,0,14,1.46,5.84,92.69,0,0.01,17,0.73,79.56,16.78,1.22,1.7,12,0.73,34.06,6.32,56.45,2.4,11,6.33,6.57,15.81,68.85,0,0,11,0.73,6.09,22.13,12.65,55.96,2.4,11,0.24,9.98,81.5,5.84,0,2.4,11,0,0,0.73,4.62,30.9,56.2,5.11,2.4,11,1.5766476810415,3.73907648494711,5.23351158645276,77.7183600713012,3.45820189274448,3.57354100946372,2.17248,6.56928,1.45547945205479,3.16352739726027,2.63010501750292,7.50700116686114,1.96595744680851,5.58829787234042,7.11605839416058,3.40101751824817,3.69852941176471,18.0897867647059,2.58770883054893,7.7083830548926,1.46540832049489,14.1244,2.374890668102,0,0.57,0,0.57,0,1.15,0,0.19,3.24,0,0.19,15.64,49.23,7.25,2.29,0,0,0,0,0,19.7,24
"S1_X3_DAY15",26,1.35877794899604,0.417046558669859,84.92,15.08,0,0,0,0,0,0,15.3,0.22,0,0,0,84.26,0,0,0,0,0.22,0,30619.4592071111,0,78.05,11.3,8.43,2.22,0,13,0,0.66,99.34,0,0,13,0,95.78,2,0,2.2,10,0,13.08,76.5,8.2,2.2,10,0.22,76.94,11.09,9.31,0.22,0,10,0,0.66,87.59,1.33,8.2,2.2,10,0,10.42,86.92,0.44,0,2.2,10,0,0,0,7.54,79.6,8.2,2.44,2.2,10,2.57387914230019,8.47592592592593,5.22920604914934,77.7410207939508,3.20990566037736,4.75294811320755,2.40650406504065,7.68089430894309,2.23756906077348,6.87845303867403,2.73147540983607,7.02549180327869,2.176,6.586,6.41954022988506,5.29136781609195,3.64335664335664,17.7403776223776,2.53362068965517,7.96530172413793,1.94454471997842,35.311,2.47445255474453,0,0,0,0,0,0,0,0.4,0.2,0,0,70.2,10.2,7.6,2,0,0,0,0,0,9.4,15
"S1_HI1_DAY15",42,2.67758680684142,0.716378674493754,28.72,69.37,1.29,0,0,0,0.65,0,69.37,0.65,0,0,0,28.07,0,0.65,0,1.29,0,0,90470.8292255556,0.64,23.56,40.65,12.27,22.91,0,14,2.26,1.3,96.47,0,0,18,0,72.28,7.1,0,20.6,13,1.62,25.51,19.35,32.9,20.6,13,2.27,18.07,20.98,38.06,0,0,13,0.65,2.92,37.75,5.16,32.9,20.6,13,1.3,18.72,58.71,0.65,0,20.6,13,0,0.65,0.32,9.36,28.08,32.9,8.07,20.6,13,1.78521647307286,4.72977824709609,3.64525862068965,86.0775862068966,3.393536121673,3.88070342205323,2.15365853658537,6.47987804878049,1.80059523809524,4.80282738095238,2.80744680851064,6.66462765957447,2.22335025380711,6.81091370558376,6.79674796747967,4.26762601626016,3.52678571428571,17.0021339285714,2.61340523882897,7.5863251155624,3.08857140996315,14.1244,2.43081481481481,0,0,0,0.74,0.98,0,0,0.49,0.49,0,0.5,19.87,31.38,8.58,16.43,0,0,0,0,0,20.5,23
"S1_HI2_DAY15",35,2.14150069803393,0.602332222048833,15.16,84.59,0,0,0,0.27,0,0,84.59,0.27,0,0,0.27,14.89,0,0,0,0,0,0,45758.5811146667,0,19.68,70.49,3.46,6.12,0.3,15,0,2.13,97.62,0,0.25,11,0,85.38,8.25,0,6.4,15,0,22.09,11.7,59.84,6.4,14,1.86,11.97,14.64,65.16,0,0,15,0,2.13,25.54,6.92,59.04,6.4,15,0,10.38,78.99,4.26,0,6.4,15,0,0,0,1.33,24.48,59.04,8.78,6.4,15,1.55872453498671,3.65394154118689,4.66586073500967,80.7059961315281,3.50398089171975,3.35609076433121,2.1812777284827,6.61106921029281,1.38345864661654,2.82142857142857,2.76354609929078,6.8731560283688,2.28260869565217,7.09239130434783,7.13197969543147,3.35780710659898,3.75561797752809,18.4513286516854,2.57197368421053,7.783125,0.723732889611851,70.622,2.31588582276764,0,0,0,0,0,0,0,0.22,1.53,0,0,15.32,59.3,3.06,5.03,0,0.22,0,0,0,15.3,17
"S1_HI3_DAY15",38,2.51060700842015,0.690184891348112,48.01,52.02,0,0,0,0,0,0,52.63,0,0.31,0,0,46.78,0,0,0,0,0.31,0,54055.7359497778,0.31,38.47,36.62,15.09,9.54,0,15,1.23,2.46,96.34,0,0,17,0,83.71,6.47,0,9.8,14,0,28.64,31.39,30.15,9.8,13,1.54,31.7,20.63,36.31,0,0,13,0,2.16,52.02,5.85,30.15,9.8,13,1.23,17.24,69.55,2.16,0,9.8,13,0,0,0,12.62,41.25,30.15,6.16,9.8,13,1.92935586061246,5.41444033790919,4.19862385321101,83.1651376146789,3.28483606557377,4.39702868852459,2.26555423122765,7.01138259833135,1.81303116147309,4.86189801699717,2.6881450488145,7.2313110181311,2.02100840336134,5.84978991596639,6.83246753246753,4.17068311688312,3.54776119402985,17.134971641791,2.54444444444444,7.91388888888889,3.94598052270901,17.6555,2.47687132043734,0,0,0,0.93,0,0,0,0.7,1.16,0,0.23,28.61,27.91,10.93,7.21,0,0.23,0,0,0,22.1,20
"S1_LI1_DAY30",44,2.33623100758738,0.617366261629013,18.16,63.13,17.86,0,0,0.3,0,0.6,63.13,0.3,0.6,0,0.6,17.26,0,0,0,17.86,0.3,0,293889.634833333,2.68,16.68,56.86,4.77,18.76,0.2,17,18.46,0.3,80.99,0,0.25,20,0.6,92.88,5.97,0,0.6,17,0.3,9.54,33.94,54.77,1.5,17,0.3,13.7,25.02,58.34,1.79,0,17,0,2.1,37.22,5.36,54.77,0.6,17,0.6,23.82,74.73,0,0,0.8,17,0,0,0.9,2.08,39.91,54.77,1.79,0.5,17,1.75635179153094,4.59267100977199,5.09650924024641,78.4394250513347,3.22429078014184,4.68461879432624,2.23963675213675,6.88827457264957,1.44813278008299,3.12863070539419,2.76121739130435,6.88421739130435,2.55767195767196,8.3989417989418,6.91304347826087,3.952,3.5546875,17.1788359375,2.4503367003367,8.36090067340067,0.713870176523344,17.6555,2.09557404326123,0,0,0.24,0.24,14.35,0,0,0,0,0.24,2.15,14.6,46.18,4.07,0.48,0,0.24,0,0,0,17.2,25
"S1_LI2_DAY30",35,1.8434677440133,0.518505561798929,12,39.42,48.56,0,0,0,0,0,40.73,0.78,0,0,0.52,8.87,0,0,0,48.56,0.52,0,728781.365972222,2.09,7.83,37.34,2.6,50.12,0,10,49.6,2.61,47.77,0,0.02,18,0,97.37,2.61,0,0,9,0.26,9.13,56.65,33.94,0,9,1.04,6.52,54.82,37.6,0,0,9,0,2.6,59.26,4.7,33.42,0,9,0,52.21,47.51,0.26,0,0,9,0,0,0.26,1.82,63.17,33.42,1.31,0,9,2.18270967741935,6.61787096774194,5.63031496062992,75.6299212598425,2.68696275071633,7.23692693409742,2.41415770609319,7.71724910394265,1.97991967871486,5.65461847389558,2.32228464419476,8.96914794007491,3.4422641509434,12.6007547169811,6.38731707317073,5.37882146341463,3.80598052851182,18.7702746870654,2.19332129963899,9.5817238267148,6.75689771285704,17.6555,2.07808116700954,0,0,0,0.24,44.89,0,0,2.14,0,0.24,1.9,7.14,31.83,2.38,0.48,0,0,0,0,0,8.8,19
"S1_LI3_DAY30",24,1.48695624620205,0.467882649438715,72.04,26.01,1.93,0,0,0,0,0,25.77,0,0,0,0.24,71.56,0,0,0,1.93,0.48,0,61359.7619986667,0,63.85,23.37,9.63,3.13,0,15,1.93,0.24,97.81,0,0.02,13,0,97.82,1.2,0,1,12,0,11.55,65.06,22.41,1,12,0.24,63.37,12.28,23.13,0,0,12,0,0.96,74.93,0.72,22.41,1,12,0,11.32,87.22,0.48,0,1,12,0,0,0,8.43,67.46,22.41,0.72,1,12,2.31570841889117,7.24961498973306,5.27109053497943,77.5205761316872,3.3695652173913,3.9945652173913,2.33771428571429,7.35414285714286,1.75085324232082,4.56655290102389,2.70487804878049,7.15182926829268,2.26260869565217,6.99739130434783,6.93566176470588,3.89061397058823,3.7705223880597,18.5457182835821,2.43171521035599,8.44935275080906,0,35.311,2.18336776859504,0,0,0,0,1.77,0,0,0,0.22,0,0,58.97,21.51,8.87,1.11,0,0,0,0,0,7.5,14
"S1_X1_DAY30",40,2.07453185717187,0.562374532151844,18.69,79.03,2.02,0,0,0.25,0,0,79.03,0,0,0,0.25,18.18,0,0,0,2.02,0.51,0,77580.9646444445,0.51,13.89,69.94,10.35,5.05,0.3,15,2.52,0.25,96.97,0,0.26,15,0,90.4,6.31,0.25,3,15,0,20.44,12.13,64.39,3,15,0.25,10.11,17.66,68.94,0,0,15,0,1.01,27.01,4.55,64.39,3,15,0.25,15.14,81.32,0.25,0,3,15,0,0,0,7.32,19.7,64.39,5.55,3,15,1.54204255319149,3.57470212765957,4.96125461254612,79.1512915129151,3.4842032967033,3.45003434065934,2.21751227495908,6.78318330605565,1.45538461538462,3.16307692307692,2.74609929078014,6.95602836879433,2.2817679558011,7.08839779005525,7.10506980161646,3.43084055841293,3.73255813953488,18.3052906976744,2.52005044136192,8.0297604035309,1.3847475695079,23.5406666666667,2.22521579911065,0,0,0.21,0.21,1.68,0,0,0,0.21,0,0.42,11.97,59.66,9.03,2.52,0,0.21,0,0,0,13.9,21
"S1_X2_DAY30",42,2.4917072804146,0.666647278888974,17.89,81.77,0,0,0,0,0.34,0,82.78,0,0,0,0,14.52,0,0.34,0,0,2.36,0,58122.4004035556,2.03,17.56,63.18,7.09,10.14,0,19,0,3.37,96.63,0,0,16,0,80.74,9.46,5.41,4.4,18,0.34,25.67,9.46,60.14,4.4,18,2.7,9.79,13.18,69.6,0.34,0,18,0,5.4,20.27,9.8,60.14,4.4,18,0.34,10.48,82.09,2.7,0,4.4,18,0,0,0,3.04,30.74,60.14,1.69,4.4,18,1.54597014925373,3.59335820895522,4.34580291970803,82.3905109489051,3.37331081081081,3.97677364864865,2.22827788649706,6.83431996086106,1.48305084745763,3.29449152542373,2.72691705790297,7.04714397496088,2.07303370786517,6.09691011235955,7.17339449541284,3.24540733944954,3.50978473581213,16.8944667318982,2.51571856287425,8.05033682634731,1.65093070278696,35.311,2.36358296622614,0,0,0,0,0.24,0,0,0.71,1.67,0,1.43,12.86,44.53,5.71,7.15,0,0,0,0,0,25.7,22
"S1_X3_DAY30",22,1.87257981867127,0.605808508594496,67.37,31.2,1.41,0,0,0,0,0,31.2,0,0,0,0,67.37,0,0,0,1.41,0,0,61163.0405,0,57.51,22.76,17.6,2.11,0,9,1.88,0,98.1,0,0.02,11,0,92.01,7.74,0,0.2,8,0,25.1,53.76,20.89,0.2,8,0.47,52.35,20.88,25.35,0.7,0,8,0,0.47,73.23,5.16,20.89,0.2,8,0,18.77,80.75,0.23,0,0.2,8,0,0,0,15.49,61.73,20.89,1.64,0.2,8,2.26038647342995,6.98683574879227,5.40873786407767,76.7961165048544,3.29888268156425,4.33030726256983,2.40949720670391,7.69511173184357,2.07046070460705,6.08468834688347,2.753663003663,6.92010073260073,2.00414937759336,5.76970954356846,6.66133333333333,4.63514133333333,3.48259493670886,16.7222737341772,2.4435960591133,8.39291871921182,0,23.5406666666667,2.39691924692703,0,0,0,0,1.63,0,0,0,0,0,0,50,19.79,15.3,0.2,0,0,0,0,0,13.1,11
"S1_HI1_DAY30",33,2.19410723926172,0.627513940894064,19.11,80.26,0.64,0,0,0,0,0,80.26,0,0,0,0,19.11,0,0,0,0.64,0,0,66431.138,0.32,16.25,62.42,11.46,9.56,0,18,0.96,0,99.05,0,0,13,0,82.81,8.92,0,8.3,17,0,17.52,14.02,59.87,8.6,16,0,13.06,15.29,63.06,0,0,16,0,0.64,27.71,3.19,59.87,8.6,16,0,8.28,82.17,0.96,0,8.6,16,0,0,0,5.41,24.54,59.87,1.59,8.6,16,1.58681318681319,3.78736263736264,5.20594713656388,77.863436123348,3.53269230769231,3.21971153846154,2.2626582278481,6.99762658227848,1.431330472103,3.04881974248927,2.83004694835681,6.55727699530516,2.14285714285714,6.42857142857143,7.11645299145299,3.39994658119658,3.82333333333333,18.88017,2.54922360248447,7.89118788819876,0.795694364553455,17.6555,2.15702336811244,0,0.25,0,0,0.5,0,0,0,0,0,0.5,12.71,49.38,8.98,6.99,0,0,0,0,0,20.7,17
"S1_HI2_DAY30",41,2.39104167343508,0.643865698709077,23.7,76.29,0,0,0,0,0,0,76.29,0,0,0,0,23.43,0,0,0,0,0.27,0,62780.4217795556,0,23.15,50.14,7.63,19.07,0,18,2.99,2.18,94.82,0,0.01,14,0,74.11,7.35,0,18.5,17,0,17.43,14.44,49.05,19.1,16,2.72,14.71,8.18,55.31,0,0,16,0,2.99,22.89,5.99,49.05,19.1,16,1.91,5.18,71.65,2.18,0,19.1,16,0,0,0,4.9,24.24,49.05,2.73,19.1,16,1.53583959899749,3.5452380952381,4.11055469953775,83.6286594761171,3.48562300319489,3.44329073482428,2.14372256365233,6.43268217734855,1.42058165548098,2.99776286353468,2.87633378932969,6.33741450068399,1.92592592592593,5.39814814814815,7.01083743842365,3.68658719211822,3.65835140997831,17.8353394793926,2.65674232309746,7.38047396528705,4.2055031363745,23.5406666666667,2.28676260364052,0,0.42,0,1.46,0.42,0,0,0,1.66,0,0,16.43,38.25,5.41,14.34,0,0,0,0,0,21.6,18
"S1_HI3_DAY30",43,2.35978416913583,0.627401918682726,53.51,44.66,0,0,0,1.04,0,0.78,45.7,0.26,0,0,1.3,51.69,0,0,0,0,1.04,0,43866.5954108889,0.26,52.74,29.51,7.82,8.62,1.1,18,0.52,1.82,96.61,0,1.05,19,0.78,81.19,8.36,0,9.7,17,0.26,18.53,44.65,26.11,10.5,16,1.56,46.73,8.35,33.17,0.52,0,16,0.26,3.38,54.31,6.53,25.85,9.7,16,1.3,7.83,79.9,1.3,0,9.7,15,0,0,1.04,5.48,55.61,26.11,2.09,9.7,15,2.06591355599214,6.06308939096267,4.73785046728972,80.3271028037383,3.26967592592593,4.46903935185185,2.25719512195122,6.97167682926829,1.84142394822006,4.99676375404531,2.80367107195301,6.6825624082232,1.95287958115183,5.5261780104712,6.7095926412615,4.50416557161629,3.13559322033898,14.5247118644068,2.635,7.48375,1.99247600891857,14.1244,2.29450327786183,0,0,0,0.44,0,0.22,0,0.44,0.87,0,0,44,26.37,6.1,7.19,0,0.87,0,0,0,13.5,24
"S1_LI1_DAY45",30,2.21497072131148,0.651232631559015,15.15,77.14,7.71,0,0,0,0,0,77.14,0.57,0.29,0,0.29,8.57,0,0,0,7.71,5.43,0,153283.0335,1.14,17.14,65.43,7.72,8.57,0,11,8.29,1.15,90.56,0,0,17,0.29,86.85,11.71,0.29,0.9,11,0.29,22.29,13.99,62.28,1.2,11,0.29,11.14,12,73.71,1.71,0,11,0.29,6,17.43,12.85,62.28,1.2,11,0.29,13.99,84.57,0,0,1.1,11,0,0,0.29,1.71,32.28,62.57,2,1.2,11,1.63779599271403,4.02953096539162,4.89805414551608,79.4839255499154,3.35918674698795,4.04386295180723,2.12861981371719,6.36094411515665,1.43624161073825,3.07214765100671,2.7968992248062,6.71472868217054,2.10651340996169,6.25593869731801,7.20239774330042,3.16669252468265,3.61137440758294,17.5378341232228,2.49567979669632,8.1455209656925,3.8958563130026,14.1244,2.36417109245617,0,0.21,0,0.21,5.68,0,0,0.84,0,0,0.84,12.42,47.57,5.26,0.63,0,0,0,0,0,26.3,17
"S1_LI2_DAY45",31,2.27505210250194,0.662510360996826,22.62,70.24,7.14,0,0,0,0,0,71.03,1.19,0,0,0.4,19.05,0,0,0,7.14,1.19,0,154519.747247778,0,25.8,59.52,5.16,9.52,0,18,9.92,2.78,87.3,0,0,15,1.98,86.91,11.11,0,0,14,2.38,17.07,22.22,58.33,0,13,2.78,16.67,11.5,69.05,0,0,13,1.98,3.58,24.6,11.51,58.33,0,14,0.4,9.92,89.28,0.4,0,0,13,0,0,1.98,2.39,37.3,58.33,0,0,13,1.92020725388601,5.37098445595855,4.78502626970228,80.0788091068301,3.23735408560311,4.62256809338521,2.25445086705202,6.95864161849711,1.61059907834101,3.90034562211982,2.49846368715084,8.13229748603352,2.05621621621622,6.01702702702703,7.24015369836695,3.06422286263208,3.69294117647059,18.0543964705882,2.32520325203252,8.95528455284553,7.16005600866716,17.6555,2.40969307450157,0,0,0,1.4,4.43,0,0,0.7,0.23,0.7,0,14.91,34.73,1.63,0.47,0,0,0,0,0,40.8,17
"S1_LI3_DAY45",46,2.63299289977772,0.687709458031824,22.96,59.59,17.15,0,0,0,0,0.29,61.04,0.29,0,0,0,19.18,0,0,0,17.15,2.33,0,285480.631805556,2.33,27.61,43.31,7.85,18.89,0,14,18.02,1.45,80.52,0,0.01,20,0.29,81.39,16.86,0.29,1.2,13,0,26.16,34.01,38.08,1.8,12,0.29,17.15,27.9,52.62,0.58,0,12,0,2.91,42.43,15.12,38.08,1.5,12,0.29,22.67,75,0.58,0,1.5,12,0,0,0.29,2.03,55.23,38.08,2.91,1.5,13,1.94563106796117,5.49174757281553,4.64668174962292,80.8069381598793,3.07083333333333,5.41354166666667,2.32588134135856,7.29793637145314,1.80901287553648,4.84281115879828,2.61678520625889,7.57027027027027,2.28807947019868,7.11837748344371,6.89236947791165,4.00810923694779,3.50540540540541,16.8667324324324,2.43822284908322,8.41844146685473,3.67983699110664,14.1244,2.43335048893464,0,0.21,0.21,0,12.87,0,0,0.86,0,0.21,1.72,20.38,32.18,6.23,1.06,0,0,0,0,0,24.1,25
"S1_X1_DAY45",28,2.15834991514309,0.647724324408169,15.07,35.22,49.73,0,0,0,0,0,36.03,0,0,0.54,0,13.18,0,0,0,49.19,1.08,0,739989.416508,0,18.29,22.85,8.61,50.27,0,15,50.54,1.62,47.32,0,0.52,16,0.27,86.84,12.64,0,0.2,15,0.81,20.71,57.53,20.7,0.2,14,2.16,8.88,57.79,30.38,0.54,0,14,0.27,3.24,65.32,10.22,20.7,0.2,14,0,55.1,43.84,0.81,0,0.2,14,0,0,0.81,4.3,72.6,20.7,1.34,0.2,14,2.36928934010152,7.50412436548223,5.07424033149171,78.5566298342542,2.55383480825959,7.86928466076696,2.42358410819949,7.76202451394759,2.24688796680498,6.92271784232365,2.42214580467675,8.49480742778542,2.85473145780051,9.80997442455243,6.38607594936709,5.38218987341772,3.86778846153846,19.1617043269231,2.24769736842105,9.3234375,6.67777361767483,14.1244,2.22909994742125,0,0,0,0.66,40.48,0,0,0.66,0.66,0,0,14.23,18.16,6.79,0.44,0,0,0,0.44,0,17.5,18
"S1_X2_DAY45",30,2.07402447228997,0.609792446469659,26.11,72.07,1.8,0,0,0,0,0,73.87,5.4,0,0,0,17.11,0,0,0,1.8,0.9,0.9,115384.8825,0,35.13,13.51,38.74,12.6,0,11,18.01,8.1,73.87,0,0.02,16,11.71,27.01,56.76,0,4.5,10,11.71,72.06,6.3,5.41,4.5,10,15.31,9.9,34.23,36.04,0,0,10,11.71,9.9,36.03,32.43,5.41,4.5,10,0,9.9,85.58,0,0,4.5,10,0,0,11.71,4.5,72.06,5.41,1.8,4.5,10,2.20808080808081,6.73838383838384,1.9691817215728,94.8990435706695,2.94902912621359,5.99211165048544,2.59780123131047,8.58955584872471,2.24282560706402,6.90342163355408,2.32806324110672,8.94169960474308,1.98219178082192,5.66541095890411,7.2842987804878,2.9444131097561,2.99721448467967,13.6483593314763,2.2383502170767,9.36783646888567,6.80125814289909,17.6555,2.91243561442237,0,0,0,3.15,1.69,0,0,1.94,0,0.24,0,10.41,5.56,7.5,1.45,0,0,0,0,0,68.1,21
"S1_X3_DAY45",30,1.81892623428105,0.534789966641733,6.31,47.29,46.13,0,0,0,0,0.29,47.58,0.86,0,0,0,4.88,0,0,0,46.13,0.57,0,693162.219305556,0,10.03,40.12,3.16,46.71,0,19,47.57,0.86,51.59,0,0,15,1.15,91.13,7.74,0,0,18,1.15,9.75,49.57,39.26,0.3,17,1.44,4.87,48.15,45.27,0.29,0,17,0.86,2.01,51.3,6.59,39.26,0,18,0.29,47.57,52.16,0,0,0,17,0,0,1.44,0.58,58.45,39.26,0.29,0,17,1.98862745098039,5.69598039215686,5.54974704890388,76.0539629005059,2.77225519287834,6.83178783382789,2.34805781391147,7.40327461607949,1.8517745302714,5.04592901878914,2.44618249534451,8.3806331471136,3.15686274509804,11.2450980392157,6.54889298892989,4.94030442804428,3.91800643086817,19.4797347266881,2.33099315068493,8.92778253424657,4.5841920365868,23.5406666666667,2.14977492242472,0,0,0,0.99,40.2,0,0,0.5,0,0.25,0,8.69,35.49,1.74,0.25,0,0,0,0,0,11.9,18
"S1_HI1_DAY45",36,2.6179960659052,0.730565712325526,18.52,79.31,0,0,0,0,2.16,0,79.31,0.43,0,0,0,17.66,0,2.16,0,0,0.43,0,109407.407036889,0,21.98,24.57,13.36,40.08,0,13,1.72,1.29,96.98,0,0.01,16,0.43,49.56,15.09,1.29,33.6,13,2.59,33.61,5.17,23.71,34.9,12,3.45,6.03,17.23,38.37,0,0,12,0.43,9.05,17.23,14.66,23.71,34.9,12,2.16,17.23,44.83,0.86,0,34.9,12,0,0,0.43,12.07,28.44,23.71,0.43,34.9,13,2.00962837837838,5.7957347972973,3.33697234352256,87.7001455604076,3.01327433628319,5.68694690265487,2.82230428360414,9.65594534711965,2.1985559566787,6.69314079422383,2.70060344827586,7.17213362068966,1.91394658753709,5.34124629080119,5.83049040511727,6.89004904051173,3.23717948717949,15.1680576923077,2.62828947368421,7.515625,2.10636212029513,23.5406666666667,2.6303023827332,0,0.61,0,0.2,0,0,0,0.2,0.41,0,0,10.38,12.62,6.91,18.93,0,0,0,0,0,49.7,20
"S1_HI2_DAY45",33,2.24844659090697,0.643054977396914,24.6,74.61,0,0,0,0,0.79,0,74.87,0,0,0,0,24.08,0,0.79,0,0,0.26,0,65277.9487902222,0,21.99,51.31,12.83,13.87,0,18,0.52,0.52,98.96,0,0,15,0,78.01,9.69,0,12.3,17,0.79,22.25,14.14,50,12.8,15,1.05,14.4,14.66,57.07,0,0,15,0,2.36,27.75,7.07,50,12.8,16,1.31,11.26,74.35,0.26,0,12.8,16,0,0,0,9.95,26.18,50,1.05,12.8,16,1.68359020852221,4.24705349048051,4.47303082191781,81.7208904109589,3.40654952076677,3.81888977635783,2.23390287769784,6.86103866906475,1.71824104234528,4.41164495114007,2.69751308900524,7.18681282722513,1.96296296296296,5.57407407407407,7.03156146179402,3.63034219269103,3.71856866537718,18.2166953578337,2.54475431606906,7.91241699867198,4.29444463616499,17.6555,2.38794882377218,0,0.44,0,0,0,0,0,0.22,0.22,0,0,18.28,43.39,10.79,11.68,0,0,0,0,0,15,18
"S1_HI3_DAY45",33,2.53957085728917,0.726316420784183,15.16,84.54,0,0,0,0,0.29,0,84.54,0.29,0,0,0,14.58,0,0.29,0,0,0.29,0,59920.8635,0,26.53,51.89,13.41,8.16,0,18,1.46,0.29,98.24,0,0.01,15,0,69.09,24.78,0.29,5.8,16,0.29,34.98,8.45,49.27,7,14,0.58,9.03,17.2,53.64,12.54,0,15,0,2.91,23.9,16.91,49.27,7,16,0.29,22.16,70.54,0,0,7,15,0,0,0,5.54,35.85,49.27,2.33,7,16,1.61593352883675,3.92568426197458,4.65866290018832,80.743879472693,3.30789473684211,4.2875,2.1779353821907,6.59519306540583,1.52104208416834,3.4749498997996,3.06662971175166,5.4335088691796,1.52266666666667,3.48266666666667,7.16859623733719,3.25842981186686,3.66363636363636,17.8688090909091,2.72469287469287,7.05770884520885,2.81297411782022,35.311,2.5599536030158,0,0.92,0,0,0.23,0,0,0.23,0,0,0,20.23,44.15,10.58,6.44,0,0,0,0,0,17.2,18
"S2_LI1_DAY0",18,1.38893181003503,0.480537427838003,32.19,67.17,0,0,0,0.43,0.22,0,66.74,0,0,0,0.86,32.19,0,0.22,0,0,0,0,37995.86,0,31.53,61.34,5.41,1.3,0.4,15,0.44,0,99.14,0,0.42,11,0.22,94.38,3.46,0,1.9,14,0.44,8.86,27.21,61.55,1.9,13,0.44,26.78,6.26,64.58,0,0,14,0.22,0.22,33.04,3.89,60.69,1.9,14,0.22,6.26,91.58,0,0,1.9,14,0,0,0.22,5.19,31.53,60.69,0.43,1.9,14,1.53548895899054,3.54357255520505,5.41650853889943,76.7552182163188,3.60207100591716,2.89016272189349,2.04864359214219,5.9810570626754,1.21327014218009,2.01303317535545,2.91733870967742,6.14264112903226,1.7378640776699,4.50485436893204,7.34724292101341,2.7735827123696,3.89967373572594,19.3636337683524,2.5966149506347,7.66607898448519,1.05121421453078,35.311,2.13682678311499,0,0,0,0.4,0,0,0,0,0,0,0,29.55,59.3,5.06,1.21,0,0.4,0,0,0,4.1,14
"S2_LI2_DAY0",23,1.12976297421667,0.360314163067875,5.88,94.14,0,0,0,0,0,0,94.14,0,0,0,0,5.6,0,0,0,0,0.28,0,43950.7925,0.28,3.92,90.51,2.24,3.07,0,12,4.19,0,95.83,0,0,12,0.28,96.66,0.56,0,2.5,12,0.28,4.75,1.96,90.51,2.5,12,2.51,1.96,3.36,88.27,1.4,0,12,0.28,2.51,5.04,0.84,88.83,2.5,12,0,4.76,92.74,0,0,2.5,12,0,0,0.28,3.91,4.48,88.83,0,2.5,12,1.23598553345389,2.12093128390597,5.9560502283105,73.9155251141553,3.62429775280899,2.7845856741573,2.09681238615665,6.20985883424408,1.21045197740113,1.99964689265537,2.84285714285714,6.49642857142857,2.0469387755102,5.97295918367347,7.31181318681319,2.86973901098901,3.78393351800554,18.6306509695291,2.59243466299862,7.68593535075653,5.16767015083508,35.311,2.03655913978495,0,0,0,1.74,1.99,0,0,0,0,0,0.25,3.73,79.9,1.74,0.74,0,0,0,0,0,9.9,14
"S2_LI3_DAY0",17,0.81743901669542,0.288520106828637,17.67,81.59,0,0,0,0,0.73,0,81.59,0,0,0,0,17.67,0,0.73,0,0,0,0,37266.71,0.48,15.98,81.11,2.42,0,0,15,0,0,99.99,0,0.01,7,0,99.75,0.24,0,0,14,0.73,1.69,16.22,81.35,0,14,0.73,15.74,2.17,81.35,0,0,14,0,0.73,17.91,0.24,81.11,0,14,0.73,1.93,97.33,0,0,0,14,0,0,0,2.42,16.46,81.11,0,0,14,1.2897976391231,2.37653878583474,5.85894495412844,74.4266055045871,3.71048850574713,2.37517959770115,2.04804947668887,5.97823501427212,1.05797101449275,1.27536231884058,2.90338983050847,6.20889830508475,2.14838709677419,6.45483870967742,7.4454806312769,2.50696556671449,3.94604316546763,19.6572913669065,2.58249641319943,7.73314203730273,0,35.311,2.00143947928402,0,0,0,0,0,0,0,0,0,0,0.46,15.42,78.74,2.34,0,0,0,0,0,0,3,8
"S2_X1_DAY0",20,1.06580735746619,0.355775236283636,24.5,75.25,0,0.25,0,0,0,0,74.49,0,0,0,1.77,22.23,0.25,0,0,0,1.26,0,36652.2794346667,0,22.99,73.48,3.28,0,0.2,17,0,1.52,98.23,0,0.25,9,0,97.73,2.02,0,0.2,16,0,6.57,20.71,72.47,0.2,15,0.51,21.21,2.02,76.01,0,0,16,0,1.77,22.98,2.53,72.47,0.2,16,1.01,1.77,96.46,0.51,0,0.2,16,0,0,0,1.77,24.5,73.48,0,0.2,16,1.37817351598173,2.79632420091324,5.75,75,3.66077170418006,2.61133440514469,2.05462012320329,6.00944558521561,1.10673234811166,1.50697865353038,2.89054726368159,6.26990049751244,1.94736842105263,5.5,7.41977309562399,2.5767358184765,3.9525,19.6981825,2.58930817610063,7.70078616352201,1.51293604881075,23.5406666666667,2.07392640041833,0,0,0,0.25,0,0,0,0.98,0.49,0,0,21.82,70.59,3.2,0.25,0,0,0,0,0,2.4,12
"S2_X2_DAY0",33,1.77716038820553,0.508267280125704,19.91,78.89,0,0.28,0,0,0.85,0,78.32,0.28,0,0,1.42,18.22,0.28,0.85,0.28,0,0.28,0,42336.8748595556,0.85,17.36,75.49,3.69,2.26,0.4,14,0.28,1.41,97.96,0,0.35,19,0,95.97,1.98,0.28,1.8,14,1.13,10.51,16.23,70.08,2,13,1.41,15.37,7.96,73.21,0,0,13,0.28,1.97,23.06,3.12,69.8,1.8,13,1.7,3.12,88.29,5.12,0,1.8,13,0,0,0.28,3.13,23.61,70.93,0.28,1.8,14,1.47824030274361,3.27164143803217,5.4484126984127,76.5873015873016,3.5580204778157,3.09940273037543,2.19095477386935,6.6570351758794,1.19209039548023,1.91242937853107,2.84203703703704,6.50032407407407,1.84722222222222,5.02430555555556,7.32640144665461,2.83014647377939,3.82085561497326,18.8644786096257,2.59035222052067,7.6958269525268,1.80768029236389,14.1244,2.06829718504845,0,0,0,0.48,0,0,0,0.72,0.24,0.24,0.72,18.99,64.66,2.88,2.4,0,0,0,0,0,8.7,23
"S2_X3_DAY0",24,0.986504588576611,0.310411541540379,7.13,92.87,0,0,0,0,0,0,92.87,0,0,0,0,7.13,0,0,0,0,0,0,41232.5300177778,0,6.3,89.86,3.02,0.82,0,16,0,0.55,99.45,0,0,9,0,96.99,2.19,0,0.8,16,0,5.75,4.11,89.32,0.8,15,0.55,4.38,3.29,90.96,0,0,15,0,0.82,7.4,1.64,89.32,0.8,15,0.27,2.47,95.62,0.82,0,0.8,15,0,0,0,2.74,7.12,89.32,0,0.8,15,1.19078138718174,1.90621158911326,5.56686746987952,75.9638554216868,3.6433615819209,2.69403248587571,2.04624652455978,5.96967099165894,1.11191860465116,1.53161337209302,2.84815618221258,6.47125813449024,1.88636363636364,5.21022727272727,7.41933139534884,2.57793459302325,3.9712389380531,19.8168561946903,2.57844228094576,7.75239916550765,1.3880359202434,70.622,2.04818357884852,0,0,0,0,0,0,0,0,0.5,0,0,5.22,84.08,2.99,1.25,0,0,0,0,0,6,12
"S2_HI1_DAY0",28,2.01503258936925,0.604714561551115,34.51,65.5,0,0,0,0,0,0,65.82,1.28,0,0,7.99,24.92,0,0,0,0,0,0,42905.8662204444,1.28,21.09,70.61,5.43,1.6,0,7,0.32,9.91,89.78,0,0,12,0.32,97.77,1.6,0,0.3,7,0.32,15.34,20.13,63.9,0.3,7,1.92,19.17,6.71,71.89,0,0,7,0.32,1.6,31.63,2.56,63.58,0.3,7,7.03,5.43,86.91,0.32,0,0.3,7,0,0,0.32,5.11,22.37,70.61,1.28,0.3,7,1.66049618320611,4.13735687022901,5.2489010989011,77.6373626373626,3.33561643835616,4.15582191780822,2.19408983451537,6.67192671394799,1.3558648111332,2.6903578528827,2.79566613162119,6.72058587479936,2.01129943502825,5.80367231638418,7.23001949317739,3.09172709551657,3.70849056603774,18.152870754717,2.47147651006711,8.26048657718121,0,23.5406666666667,2.06408961527867,0,0,0,0.24,0,0.97,0,5.31,0.24,0.97,0,16.17,50.24,4.34,0.48,0,0,0,0,0,21,18
"S2_HI2_DAY0",34,1.91995068265199,0.54445671939938,40.13,59.47,0,0,0,0,0.36,0,59.47,0,0,0,1.09,39.04,0,0.36,0,0,0,0,40052.3035315556,1.46,37.22,55.46,2.54,3.28,0,18,1.82,2.91,95.23,0,0.04,14,0.36,97.42,1.82,0,0.4,16,0.72,8.37,36.5,54.01,0.4,16,4,35.04,5.1,55.1,0.36,0,16,0.36,5.1,39.77,0.36,54.01,0.4,16,1.45,3.64,92.33,2.18,0,0.4,15,0,0,0.36,3.64,40.5,55.1,0,0.4,15,2.0970802919708,6.21113138686131,5.86983944954128,74.3692660550459,3.4047619047619,3.82738095238095,2.20595667870036,6.72829422382671,1.34770114942529,2.65158045977011,2.5184,8.0376,1.97826086956522,5.64673913043478,7.23598820058997,3.07552802359882,3.81750741839763,18.8432744807122,2.22466960352423,9.43281938325991,0,23.5406666666667,2.02193497845672,0,0,0,0.24,0.95,0,0,0.72,1.19,0,0.95,24.11,38.66,1.67,2.38,0,0,0,0,0,29.1,20
"S2_HI3_DAY0",24,1.56226507973649,0.491579174908263,41.57,58.42,0,0,0,0,0,0,57.86,0,0,0,0.56,41.57,0,0,0,0,0,0,32589.85,0.28,41.01,55.05,3.65,0,0,17,0,0,99.99,0,0.01,10,0,97.46,2.53,0,0,16,0,6.18,39.32,54.49,0,16,0,38.48,4.77,56.46,0.28,0,16,0,0,43.25,2.53,54.21,0,16,0,4.21,95.78,0,0,0,16,0,0,0,2.81,42.13,54.21,0.84,0,16,1.77776649746193,4.69439086294416,5.32125890736342,77.2565320665083,3.58222222222222,2.98444444444445,2.13175487465181,6.3758356545961,1.20185614849188,1.95881670533643,2.90396341463415,6.20617378048781,1.890625,5.23046875,7.32860262008734,2.82417248908297,3.89642857142857,19.3430821428571,2.56433121019108,7.81942675159235,0,70.622,2.12779901693064,0,0,0,0,0,0,0,0,0,0,0.25,38.27,49.88,3.21,0,0,0,0,0,0,8.4,12
"S2_LI1_DAY15",10,0.832726410984453,0.361648485225647,86.21,13.8,0,0,0,0,0,0,13.8,0,0,0,0,86.21,0,0,0,0,0,0,22217.89,0,87.59,8.74,3.68,0,0,14,0,0,100.01,0,0,6,0,94.95,5.06,0,0,14,0,8.74,82.76,8.51,0,13,0,82.76,3.91,13.34,0,0,14,0,0,86.67,4.83,8.51,0,14,0,3.45,96.33,0.23,0,0,14,0,0,0,3.45,88.05,8.51,0,0,14,2.64779332615716,8.8270182992465,5.42411642411642,76.7151767151767,3.44776119402985,3.62313432835821,2.15757575757576,6.49848484848485,1.64406779661017,4.05932203389831,2.87134502923977,6.36111111111111,1.55681818181818,3.64488636363636,7.134375,3.35130625,3.80882352941176,18.7882794117647,2.63736263736264,7.47252747252747,0,70.622,2.62445414847162,0,0,0,0,0,0,0,0,0,0,0,84.11,8.39,3.53,0.22,0,0,0,0,0,3.8,7
"S2_LI2_DAY15",41,2.77128835407507,0.746259478554972,49.8,48.95,0,0,1.28,0,0,0,59.16,0.86,0.85,0,0,37.45,0,1.28,0,0,0,0.43,73680.5457428889,9.79,38.3,19.16,24.25,8.53,0,14,3.84,12.78,83.41,0,0,22,1.7,67.26,25.96,0,5.1,13,1.7,63.43,12.34,16.17,6.4,13,13.2,14.9,24.69,40.85,0,0,13,1.7,13.63,37.88,24.26,16.17,6.4,13,0.43,22.56,68.09,2.56,0,6.4,13,0,0,1.7,21.28,42.56,16.17,11.93,6.4,13,2.09283351708931,6.1909592061742,5.12264150943397,78.3018867924528,2.74181818181818,6.97636363636364,2.87540250447227,9.90816189624329,2.53355704697987,8.28439597315436,2.3384,8.8926,1.96209912536443,5.56997084548105,6.01226309921962,6.39671794871795,3.53846153846154,17.0760769230769,2.4719512195122,8.25823170731707,3.38855689458883,10.0888571428571,2.79296975962781,0,0.7,0,0.93,0.46,5.36,0,0.47,0.7,0.46,0,22.84,11.42,12.83,4.43,0,0,0,0,0,39.4,29
"S2_LI3_DAY15",32,2.28478120751622,0.65924850351999,17.99,81.6,0,0,0.42,0,0,0,82.02,0,0,0,0,17.57,0,0.42,0,0,0,0,46073.1641226667,0.84,62.76,20.51,10.46,5.44,0,12,2.93,0.84,96.24,0,0,13,1.67,36.83,56.07,0,5.4,11,2.93,65.7,7.11,18.83,5.4,11,3.77,7.11,9.21,74.48,0,0,11,2.93,0.84,16.32,55.65,18.83,5.4,11,0,7.95,84.94,1.68,0,5.4,11,0,0,2.93,7.53,64.02,18.83,1.26,5.4,11,1.76967670011148,4.65596432552954,3.94973309608541,84.4750889679715,3.0063829787234,5.71968085106383,2.34019370460048,7.3659200968523,2.0391061452514,5.93575418994413,2.87763300760043,6.33124321389794,1.46707818930041,3.21862139917695,6.34798206278027,5.48557668161435,2.71052631578947,11.8327631578947,2.67869565217391,7.27619565217391,2.03027616091069,14.1244,2.86054784774102,0,0,0,1.7,0,0.24,0,0,0.24,0,0.24,53.64,12.37,4.61,4.13,0,0,0,0,0,22.8,18
"S2_X1_DAY15",40,2.47575563401031,0.671140292006366,44.41,55.58,0,0,0,0,0,0,55.87,0,0.29,0,2.29,40.68,0,0,0,0,0.86,0,43056.0268093333,1.44,42.4,41.83,12.03,2.29,0,14,1.72,3.15,95.12,0,0.01,18,0,85.37,13.76,0,0.9,13,0,32.66,30.09,35.81,1.4,13,2.29,29.51,15.76,51,0,0,13,0,3.72,46.7,13.47,35.24,0.9,13,2.29,13.46,81.09,2.29,0,0.9,13,0,0,0,12.03,46.99,37.53,2.58,0.9,13,1.96895491803279,5.60253586065574,5.75,75,3.23972602739726,4.61130136986301,2.32441731409545,7.29098224195338,2.02409638554217,5.8644578313253,2.69077809798271,7.21880403458213,1.75100401606426,4.56726907630522,6.7475935828877,4.40103101604278,3.59016393442623,17.4035081967213,2.5627486437613,7.82694394213381,0,17.6555,2.44230591283427,0,0,0.23,0,1.15,0.23,0,1.85,0.46,0,0.92,36.01,35.34,9.7,0.69,0,0,0,0,0,13.4,24
"S2_X2_DAY15",35,2.3679830118942,0.666034090316942,40.94,58.75,0,0,0,0.31,0,0,58.75,0,0,0,0.62,40.63,0,0,0,0,0,0,32996.1822031111,4.99,46.26,42.81,5.63,0.31,0,18,0.31,1.25,98.44,0,0,15,0,86.25,13.44,0.31,0,16,1.88,21.57,38.43,38.12,0,16,3.44,33.44,13.13,49.99,0,0,16,1.88,1.56,46.88,11.56,38.12,0,16,0,5,89.37,5.32,0,0.3,15,0,1.88,0,5,54.07,38.12,0.62,0.3,16,1.95074455899198,5.51603665521191,5.69121287128713,75.309405940594,3.37345679012346,3.97608024691358,2.17049180327869,6.55983606557377,1.62727272727273,3.97954545454545,2.71473296500921,7.10501841620626,1.5187969924812,3.46428571428571,6.97435897435897,3.78558974358974,3.72727272727273,18.2718181818182,2.55635593220339,7.8573093220339,0,23.5406666666667,2.32443531827515,0,0,0,0,0.25,0.25,0,0,0.74,0,3.47,40.12,35.41,4.45,3.72,0,0,0,0,0,11.6,22
"S2_X3_DAY15",40,2.68809633716648,0.728702678036454,38.55,61.48,0,0,0,0,0,0,63.07,0.32,0.32,0,0.32,35.68,0,0,0,0,0.32,0,38182.9428835556,12.74,49.05,25.49,11.47,1.28,0,15,2.56,3.19,94.28,0,0,21,0,63.4,35.99,0,0.6,13,0.96,43.64,35.67,17.2,2.5,13,3.83,24.52,28.35,40.77,0,0,13,0.96,3.83,52.55,23.57,17.2,1.9,13,0.32,9.24,80.9,7.65,0,1.9,13,0,0,0.96,8.6,68.48,17.52,2.87,1.6,13,2.03942181340342,5.93725361366623,4.60416666666667,81.030701754386,2.84876543209877,6.46836419753086,2.46881243063263,7.976859045505,2.70919881305638,9.1186943620178,2.77524339360223,6.81759388038943,1.67952522255193,4.22774480712166,6.46863905325444,5.15811360946746,3.60135135135135,17.4743581081081,2.51847826086957,8.03722826086956,3.40651291824153,11.7703333333333,2.61082346265693,0,0.74,0.25,0.74,0.25,1.24,0,0.25,0.74,0.25,8.69,37.48,21.6,8.19,0.5,0,0,0,0,0,19.1,27
"S2_HI1_DAY15",27,2.13054442371893,0.646435036180014,60.06,39.39,0,0,0,0,0.56,0,39.39,0,0,0,0.84,59.22,0,0.56,0,0,0,0,34753.828,1.12,68.71,13.13,15.37,1.68,0,14,0,0.84,99.17,0,0,13,0,81.85,16.48,0,1.7,14,0.56,26.26,55.03,7.54,10.6,13,0.56,53.91,10.62,24.02,0.28,0,14,0,0.56,65.37,15.92,7.54,10.6,14,1.4,5.03,78.77,4.19,0,10.6,14,0,0,0,4.75,75.7,8.38,9.5,1.7,14,2.47106796116505,7.98757281553398,5.43603411513859,76.6524520255863,2.486328125,8.18994140625,2.27845601436266,7.07266606822262,2.17213114754098,6.56762295081967,2.92117117117117,6.12443693693694,1.45077720207254,3.14119170984456,5.54411764705882,7.66726470588235,3.21794871794872,15.0462692307692,2.72,7.08,0,35.311,2.78345864661654,0,0,0,0,0,0,0,0.65,0,0,0.86,53.13,22.9,12.1,1.3,0,0,0,0,0,9.1,16
"S2_HI2_DAY15",35,2.55131619567054,0.717599557496415,44.93,55.1,0,0,0,0,0,0,55.43,0.33,0,0,0,43.94,0,0,0,0,0.33,0,36769.386538,1.97,48.53,38.04,9.84,1.65,0,14,0.33,1.32,98.38,0,0,18,0,90.51,8.53,0,1,12,0,23.3,40,30.82,5.9,12,1.32,38.69,18.36,35.75,0,0,12,0,1.65,56.39,7.88,28.2,5.9,12,0,8.52,76.74,8.86,0,5.9,11,0,0,0,4.59,59.36,28.2,6.89,1,12,2.43474503025065,7.81503889369058,5.40595794392523,76.8107476635514,3.33695652173913,4.14945652173913,2.2727115716753,7.04537996545769,1.64638783269962,4.07034220532319,2.65086614173228,7.40838582677165,1.72413793103448,4.43965517241379,6.5344,4.9796384,3.12700964630225,14.4703520900322,2.38059360730594,8.6921803652968,0,17.6555,2.2983831455169,0,0,0,0,0.2,0.2,0,0,0.4,0.2,1,30.21,23.66,6.36,1,0,0,0,0,0,36.8,22
"S2_HI3_DAY15",29,1.87322324524491,0.556298982870308,67.35,32.34,0,0,0,0,0.3,0,32.34,0,0,0,0.3,66.46,0,0.3,0,0,0.59,0,28213.0875493333,0,67.35,27.6,3.85,1.19,0,19,0.3,2.67,97.02,0,0.01,13,0,95.84,3.26,0,0.9,18,0.3,10.68,62.31,25.22,1.5,16,2.97,62.9,4.45,28.19,0,0,16,0,3.56,67.06,2.67,25.22,1.5,16,0.6,1.78,91.68,4.45,0,1.5,16,0,0,0,2.38,70.61,25.52,0.59,0.9,17,2.4488995215311,7.88227272727273,5.59902200488997,75.7946210268949,3.55896226415094,3.09492924528302,2.15246753246753,6.47422077922078,1.34615384615385,2.64423076923077,2.54829396325459,7.89560367454068,1.78947368421053,4.75,7.08071748878924,3.49693273542601,3.28629032258065,15.4790766129032,2.4251677852349,8.48045302013423,0,35.311,2.2094395280236,0,0,0,0,0.22,0,0,0.22,1.77,0,0,48.57,20.75,2.86,0.66,0,0,0,0,0,25,16
"S2_LI1_DAY30",18,1.45061238477052,0.501877442169028,38.76,60.73,0,0,0.26,0,0.26,0,60.73,0,0,0,0,38.24,0,0.52,0,0,0.52,0,38644.592,0,37.73,53.23,8.53,0.52,0,13,0,0,100.01,0,0,9,0,93.03,6.46,0,0.5,12,0.26,14.99,30.49,53.75,0.5,12,0.26,31.27,8.53,59.43,0,0,12,0,0.78,39.28,6.46,52.97,0.5,12,0.26,8.53,90.44,0.26,0,0.5,12,0,0,0,8.01,38.25,52.97,0.26,0.5,12,1.63208661417323,4.00241141732284,5.43693181818182,76.6477272727273,3.57596153846154,3.01418269230769,2.10215175537939,6.2352208380521,1.31991951710262,2.51961770623742,2.88242280285036,6.30849168646081,1.68382352941176,4.24816176470588,7.26470588235294,2.99758823529412,3.91612903225806,19.4678451612903,2.60306306306306,7.63545045045045,0,35.311,2.21859485482172,0,0,0,0,0,0,0,0,0,0,0,35.85,50.73,8.05,0.73,0,0,0,0,0,4.6,12
"S2_LI2_DAY30",24,1.39650382039095,0.439421071806722,30.3,68.72,0,0,0.25,0.74,0,0,68.72,0,0,0,0.74,29.56,0,0.25,0,0,0.74,0,35373.914,0.74,32.27,63.3,2.96,0.74,0,10,0.99,0,99.02,0,0,13,0.25,92.37,5.17,0.74,1.5,9,0.25,8.37,27.59,62.07,1.7,9,0.25,27.84,2.46,67.73,0,0,9,0.25,0.74,30.3,5.17,61.82,1.7,9,0,1.97,94.83,0.74,0,2.5,9,0,0,0.25,1.72,33.5,61.82,0.5,2.2,9,1.50362976406534,3.39224137931035,5.26307531380753,77.5627615062761,3.6159793814433,2.82409793814433,2.06053719008264,6.03755165289256,1.1705565529623,1.81014362657092,2.92174940898345,6.1216903073286,1.59770114942529,3.83908045977011,7.31351791530945,2.86511237785016,3.84628975265018,19.0255530035336,2.61799687010955,7.56451486697966,2.96835075307282,23.5406666666667,2.18951776306903,0,0,0.69,0.23,0,0,0,0,0,0,0,30.12,58.85,2.53,0.92,0,0,0,0,0,6.7,14
"S2_LI3_DAY30",21,1.35959299136654,0.44657019916174,32.18,67.84,0,0,0,0,0,0,67.84,0,0,0,0,32.18,0,0,0,0,0,0,38429.0925,0,32.68,59.91,6.93,0.5,0,16,0.25,0,99.77,0,0,9,0,92.83,6.44,0,0.7,15,0,13.37,25,60.9,0.7,15,0,25,8.17,65.85,0.25,0,15,0,0,33.17,6.44,59.66,0.7,15,0,8.42,90.85,0,0,0.7,15,0,0,0,6.93,32.68,59.66,0,0.7,15,1.51875580315692,3.46409006499536,5.65261958997722,75.5125284738041,3.61013986013986,2.85183566433567,2.0679012345679,6.07253086419753,1.28091872791519,2.33436395759717,2.89595744680851,6.24420212765958,1.58461538461538,3.77692307692308,7.28380634390651,2.94574958263773,3.89887640449438,19.3585842696629,2.6144,7.5816,1.30683725723094,23.5406666666667,2.17658415500241,0,0,0.24,0,0,0,0,0,0,0,0,31.27,57.35,7.11,0.95,0,0,0,0,0,3.1,12
"S2_X1_DAY30",39,2.6822725087195,0.732148867087627,42.44,56.45,0,0,1.14,0,0,0,56.45,1.9,0,0,5.3,34.1,0,1.14,0,0,0.38,0.76,50899.5197062222,1.52,35.23,49.25,5.31,8.72,0,13,1.14,8.34,90.55,0,0,18,0.38,87.14,5.69,0,6.8,12,0.38,19.34,29.17,44.32,6.8,11,1.52,30.69,8.72,52.28,0,0,11,0.38,2.28,41.67,6.83,42.05,6.8,11,5.3,7.96,78.43,1.52,0,6.8,11,0,0,0.38,4.17,38.65,47.35,2.66,6.8,11,1.87650214592275,5.16338519313305,3.95825147347741,84.4302554027505,3.13197026022305,5.12314126394052,2.40677966101695,7.68220338983051,1.69897959183673,4.32015306122449,2.76715758468336,6.85600147275405,1.95384615384615,5.53076923076923,6.95036319612591,3.85071428571429,3.55785123966942,17.1988719008264,2.50297397769517,8.11087360594795,2.35748295636721,11.7703333333333,2.2734366533001,0,0,0,0.24,0.48,0.48,0,3.85,0.24,0.72,0.48,23.55,28.12,3.36,4.33,0,0,0,0,0,34.2,23
"S2_X2_DAY30",35,2.00830445962006,0.564868593703521,79.88,20.11,0,0,0,0,0,0,21.63,0,0,0,0,78.36,0,0,0,0,0,0,25892.4535697778,5.79,78.66,8.53,6.71,0.3,0,14,0,3.96,96.03,0,0.01,14,0,89.02,10.67,0.3,0,13,0,18.89,74.09,7.01,0,12,2.74,68.6,16.46,12.19,0,0,13,0,2.74,85.06,7.01,5.18,0,13,0,10.06,87.19,2.74,0,0,13,0,0,0,6.1,86.58,5.18,2.13,0,13,2.72292225201072,9.18388069705094,5.17461340206186,78.0283505154639,2.88291139240506,6.30617088607595,2.59150141643059,8.55963172804533,2.77464788732394,9.42957746478873,2.50163043478261,8.11725543478261,1.94078947368421,5.46875,6.37536656891496,5.41125513196481,2.63207547169811,11.3359339622642,2.35235602094241,8.82630890052356,2.55682564324108,17.6555,2.47368421052632,0,0,0,0,0,0.25,0,1,2,0,4.5,63,6,5.5,0.5,0,0,0,0,0,17.2,16
"S2_X3_DAY30",26,1.85933461739052,0.570681253821785,31.61,68.18,0,0,0,0.24,0,0,67.94,0.48,0,0,2.86,27.8,0,0,0,0,0.95,0,39163.7163306667,0.48,34.45,57.96,6.66,0.48,0,10,0,3.34,96.69,0,0,15,0,89.09,10.7,0.24,0,9,0,19.02,24.71,56.3,0,9,0.48,24.94,9.99,64.62,0,0,9,0,1.43,36.12,8.32,54.16,0,9,2.38,6.18,90.04,1.19,0,0.2,9,0,0,0,3.33,39.21,56.54,0.71,0.2,9,1.60818661971831,3.88888644366197,5.55633047210301,76.019313304721,3.44983277591973,3.61329431438127,2.24904632152589,6.93297002724796,1.48857644991213,3.3207381370826,2.86235294117647,6.40382352941177,1.79620853080569,4.78199052132701,7.13764510779436,3.3424311774461,3.83598409542744,18.960287276342,2.56301169590643,7.82569444444444,0,23.5406666666667,2.2033353275501,0,0,0,0,0,0,0,2.11,0.42,0.42,0.21,31.85,49.36,5.9,0,0,0,0,0,0,9.7,16
"S2_HI1_DAY30",34,2.19318314544854,0.621939569178696,78.99,20.07,0,0,0,0.96,0,0,20.07,1.28,0,0,1.92,76.43,0,0,0,0,0.32,0,30458.1357462222,0.96,73.88,18.49,4.14,2.55,0,14,3.82,5.42,90.78,0,0,15,1.27,94.92,2.23,0.96,0.6,13,1.27,15.3,69.75,13.06,0.6,13,6.36,70.07,6.06,16.89,0,0,13,1.27,6.69,76.13,2.23,13.06,0.6,13,0.96,3.83,87.58,6.05,0,1.6,13,0,0,1.27,4.46,78.67,14.02,0,1.6,13,2.62122844827586,8.70083512931035,5.82897862232779,74.5843230403801,3.02427184466019,5.63470873786408,2.66196319018405,8.89432515337423,1.98630136986301,5.68493150684932,2.33792207792208,8.89487012987013,1.93589743589744,5.44551282051282,6.58053691275168,4.85442281879195,3.12962962962963,14.4869444444444,2.29098712446352,9.11781115879828,3.07677711598332,23.5406666666667,2.30891330891331,0,0,0.44,0.88,1.32,0,0,1.32,2.2,0.22,0,50.11,11.21,1.98,2.42,0,0,0,0,0,27.9,19
"S2_HI2_DAY30",23,0.872959798043679,0.278412185743737,91.4,8.14,0,0,0,0.48,0,0,8.14,0.24,0,0,0.48,90.2,0,0,0,0,0.96,0,21518.7566666667,0.48,89.24,7.18,2.88,0.24,0,11,0.48,0.24,99.3,0,0,10,0.48,97.86,1.2,0.48,0,10,0.48,3.36,89.24,6.94,0,9,0.48,89.72,1.92,7.9,0,0,9,0.48,0.96,90.92,0.72,6.94,0,9,0,1.2,98.34,0,0,0.5,9,0,0,0.48,0.96,90.92,6.94,0.24,0.5,9,2.78543046357616,9.48079470198675,5.65393258426966,75.5056179775281,3.305,4.30125,2.34522292993631,7.38980891719745,1.60714285714286,3.88392857142857,2.628125,7.51640625,2.2,6.7,7.07954545454545,3.50011363636364,3.625,17.624125,2.45454545454545,8.34090909090909,0,70.622,2.24939231891104,0,0,0,0.45,0,0,0,0,0,0.22,0,83.9,7.16,2.23,0,0,0,0,0,0,6,11
"S2_HI3_DAY30",30,2.28187022501496,0.670902029184739,56.26,43.74,0,0,0,0,0,0,42.61,2.84,0,0,0,52.85,0,0,0,0,0,1.7,48116.5979242222,1.14,53.98,34.66,1.71,8.51,0,9,3.4,4.55,92.05,0,0,14,0,90.91,6.25,0,2.8,8,0,14.77,51.71,30.68,2.8,8,2.84,51.14,10.23,32.95,0,0,8,0,3.41,56.83,6.24,30.68,2.8,8,0,6.25,89.77,1.14,0,2.8,8,0,0,0,2.84,59.1,30.68,4.54,2.8,8,2.08279569892473,6.14327956989247,2.49207492795389,92.1469740634006,2.79120879120879,6.74175824175824,2.63792093704246,8.78012445095168,1.94525547445255,5.48996350364964,2.60641200545703,7.61954297407913,2.00569800569801,5.77706552706553,6.93903743315508,3.88145240641711,3.71942446043165,18.2221151079137,2.21469072164948,9.48021907216495,3.66848243306393,17.6555,2.49415250272883,0,0,0,0,1.5,0,0,0.5,0.5,1.75,0.5,24.69,14.97,0.75,1.25,0,0,0,0,0,53.6,18
"S2_LI1_DAY45",26,1.84760642466706,0.56708154688045,15.37,80.78,0,0,0,0.96,2.88,0,83.66,0.96,0,0,0.96,10.57,0,2.88,0,0,0.96,0,47747.4379893333,4.8,51.92,27.89,10.57,4.81,0,14,6.73,5.76,87.5,0,0.01,14,6.73,39.41,48.08,0.96,4.8,13,9.61,58.65,2.88,24.04,4.8,13,14.41,2.88,4.81,73.08,0,0,13,6.73,9.6,6.73,49.04,23.08,4.8,13,2.88,5.77,83.65,1.92,0,5.8,13,0,0,6.73,2.88,54.8,23.08,6.73,5.8,13,2.00182232346241,5.75865603644647,2.96175,89.675,3.04389312977099,5.54150763358779,2.47633851468048,8.0126079447323,1.92924528301887,5.41391509433962,2.53537906137184,7.95694945848375,1.87874251497006,5.17402694610778,6.65059288537549,4.66429090909091,2.0417661097852,7.59750477326969,2.09433139534884,10.051925872093,0.864165255993109,70.622,2.90482727064745,0,0,0,1.45,0,0.62,0,0.21,0.41,0,0.21,53.95,8.09,1.25,1.04,0,0,0,0,0,32.8,19
"S2_LI2_DAY45",22,1.73689487812123,0.561912333566996,46.35,53.64,0,0,0,0,0,0,55.05,0,0,0,0,44.33,0,0,0,0,0.61,0,44607.732,1.21,33.2,49.79,14.37,1.42,0,14,0,1.41,98.58,0,0.01,10,0,95.94,2.63,0,1.4,13,0,22.66,31.58,44.33,1.4,13,1.21,32.19,19.22,45.95,0,0,13,0,1.82,50.8,1.62,44.33,1.4,13,0,18.01,80.56,0,0,1.4,13,0,0,0,12.75,35.02,44.33,6.47,1.4,13,1.87073552425665,5.13599374021909,5.31677524429967,77.2801302931596,3.43697478991597,3.67436974789916,2.31259911894273,7.23484581497797,1.59399684044234,3.82148499210111,2.60015503875969,7.64926356589147,2.31162790697674,7.23023255813953,7.06107491856678,3.55024267100977,3.85434412265758,19.0765613287905,2.48237885462555,8.20870044052863,0.819287027032969,23.5406666666667,2.31033307777494,0,0,0,0,0,1.11,0,0.18,0,0,0,30.87,45.66,13.12,1.29,0,0,0,0,0,7.8,13
"S2_LI3_DAY45",22,1.93972444809298,0.627530833808359,47.82,52.17,0,0,0,0,0,0,52.46,0,0,0,0,47.24,0,0,0,0,0.29,0,39887.9725,0.29,43.19,44.63,11.59,0.29,0,13,0.29,0.29,99.41,0,0.01,9,0.29,92.16,7.25,0,0.3,12,0.29,30.14,35.94,33.33,0.3,11,0.58,36.23,22.31,40.58,0,0,11,0.29,0.58,58.25,7.25,33.33,0.3,11,0,22.31,77.39,0,0,0.3,10,0,0,0.29,11.01,43.48,33.33,11.59,0.3,10,2.06077586206897,6.03868534482759,4.19931271477664,83.1615120274914,3.32390510948905,4.21145072992701,2.28942093541203,7.12474944320713,1.75467289719626,4.58469626168224,2.63170731707317,7.49939024390244,2.15139442231076,6.46912350597609,7.16550348953141,3.26682352941176,3.55769230769231,17.1978653846154,2.45578947368421,8.335,0,23.5406666666667,2.6483192714611,0,0,0,0.23,0,0.23,0,0,0,0,0,34.25,36.76,8.91,0.23,0,0,0,0,0,19.4,11
"S2_X1_DAY45",30,2.08382538338709,0.612674052562256,20.31,78.63,1.06,0,0,0,0,0,79.16,0.26,0,0,0.53,18.73,0,0,0,1.06,0.26,0,55649.887,1.58,31.4,58.05,7.12,1.85,0,17,1.06,1.32,97.62,0,0,16,0,78.1,21.11,0.26,0.5,15,0,31.92,16.89,50.66,0.5,14,0,14.77,16.1,68.6,0,0,14,0,0.52,30.88,17.41,50.66,0.5,14,0.53,9.76,87.07,2.11,0,0.5,14,0,0,0,4.22,40.1,51.19,3.96,0.5,15,1.54060963618486,3.56789577187807,5.04364224137931,78.7176724137931,3.43981481481481,3.66087962962963,2.10862222222222,6.26595555555555,1.45951417004049,3.18269230769231,2.93123076923077,6.07665384615385,1.68333333333333,4.24583333333333,7.14297385620915,3.32796895424837,3.80237580993521,18.7474460043197,2.64156545209177,7.4525641025641,2.25617374134528,14.1244,2.44780592626103,0,0,0,0,0.92,0,0,1.15,0,0,1.38,27.48,51.73,6.47,0.69,0,0,0,0,0,10.2,19
"S2_X2_DAY45",26,1.5669100902441,0.480928073173556,29.15,69.6,0.5,0,0,0,0,0.75,70.35,0.5,0,0,0,28.4,0,0,0,0.5,0.25,0,50255.0523888889,0,25.38,64.57,7.79,2.26,0,13,0.5,0.5,99,0,0,13,0.75,93.72,4.27,0.25,1,12,0,14.07,21.86,62.31,1.8,11,0,22.36,11.05,65.58,0,0,11,0,1,31.91,3.77,62.31,1,11,0.75,9.55,88.19,0.5,0,1,10,0,0,0.75,7.04,27.13,62.31,1.76,1,10,1.538,3.5555,5.77083333333334,74.890350877193,3.57305194805195,3.02800324675325,2.11786074672048,6.3098385469223,1.29360967184801,2.39464594127807,2.8150390625,6.628564453125,1.95862068965517,5.55344827586207,7.20918367346939,3.14827551020408,3.88689407540395,19.2827001795332,2.5628526645768,7.82644984326019,0,35.311,2.12332497312791,0,0,0,0,0.47,0,0,0,0,0.47,0,23.49,60,7.21,1.16,0,0,0,0,0,7.2,14
"S2_X3_DAY45",30,1.6561056270149,0.486918411716985,31.12,68.33,0,0,0,0.26,0,0.26,68.59,0.26,0,0,0.52,30.07,0,0,0,0,0.53,0,44083.2840124444,0.78,29.01,58.84,9.76,1.58,0,15,0.53,0.78,98.66,0,0.03,18,0.26,94.45,4.47,0.79,0,13,0,16.08,21.36,62.27,0.3,12,0.79,21.37,15.29,62.52,0,0,12,0,1.84,35.87,4.21,58.05,0,12,0.52,14.51,84.42,0.26,0,0.3,12,0,0,0.26,9.5,31.11,58.31,0.53,0.3,12,1.56204819277108,3.66972891566265,6.07203389830508,73.3050847457627,3.43666666666667,3.67583333333333,2.19787460148778,6.68990435706695,1.49738219895288,3.36256544502618,2.7939524838013,6.72872570194384,1.84965517241379,5.03586206896552,7.16427289048474,3.27016337522442,3.83823529411765,18.9745441176471,2.51954225352113,8.03217429577465,0,23.5406666666667,2.05083745296244,0,0,0,0,0.49,0,0,0.25,0.25,0.25,0.5,27.1,55.17,9.11,2.46,0,0,0,0,0,4.4,20
"S2_HI1_DAY45",19,1.15534528878613,0.392382147146146,73.33,24.88,1.56,0,0,0,0,0.22,25.1,0,0,0,0,73.33,0,0,0,1.56,0,0,46785.888,0,74.22,22.22,1.11,2.44,0,8,1.78,0,98.21,0,0.01,13,0.44,97.11,1.78,0.22,0.5,8,0.22,3.78,74,21.33,0.7,8,0.22,72.66,3.78,22.67,0.22,0,8,0.22,0.44,76,1.56,21.33,0.5,8,0.22,2.89,95.55,0.89,0,0.5,8,0,0,0.44,0.67,77.11,21.33,0,0.5,8,2.4390423572744,7.83545119705341,5.8735,74.35,3.51315789473684,3.3125,2.13196930946292,6.37685421994885,1.16746411483254,1.79545454545455,2.64349442379182,7.44340148698885,1.93939393939394,5.46212121212121,7.26233183856502,3.00403139013453,3.87837837837838,19.2287702702703,2.45693430656934,8.32956204379562,0,35.311,2.10692831397677,0,0,0,0.21,1.44,0,0,0,0,0,0,68.59,20.54,0.83,1.24,0,0,0,0,0,7.1,14
"S2_HI2_DAY45",18,1.46182565262722,0.505756966602542,56.28,21.29,22.45,0,0,0,0,0,21.29,0,0,0,0.84,55.44,0,0,0,22.45,0,0,345005.6265,0,55.11,20.95,0.67,23.29,0,14,22.62,0.84,76.56,0,0,9,0.17,98.67,0.34,0,0.8,14,0.17,2.02,77.22,19.77,0.8,14,0.17,54.77,23.29,20.95,0,0,14,0.17,0,78.9,0.34,19.77,0.8,14,0.84,23.29,75.05,0,0,0.8,14,0,0,0.17,0.5,77.56,20.61,0.34,0.8,14,2.48158102766798,8.03750988142292,5.36976600985222,77.0012315270936,2.8438566552901,6.49168088737201,2.31324200913242,7.237899543379,1.76558603491272,4.63653366583541,2.44415954415954,8.39024216524217,3.48066298342541,12.7831491712707,6.68941176470588,4.55893647058823,3.89385474860335,19.326782122905,2.2859649122807,9.14166666666667,0,23.5406666666667,2.1009515178976,0,0,0,0.15,20.71,0,0,0.77,0,0,0,50.85,19.01,0.46,0.77,0,0,0,0,0,7.3,11
"S2_HI3_DAY45",25,1.43346284548879,0.445330271647706,90.33,8.23,1.42,0,0,0,0,0,8.23,0,0.28,0,0,90.05,0,0,0,1.42,0,0,42852.7058911111,0,88.63,5.96,1.7,3.69,0,14,3.69,0.85,95.44,0,0.02,10,0,99.14,0.56,0.28,0,13,0,5.1,89.48,5.4,0,13,2.84,87.78,3.96,5.4,0,0,13,0,2.84,91.74,0,5.4,0,13,0,3.4,95.73,0.85,0,0,13,0,0,0,3.41,90.89,5.4,0.28,0,13,2.82723263506064,9.67935501653804,6.04474940334129,73.4486873508353,2.62931034482759,7.51077586206896,3.06349206349206,10.8015873015873,2.73636363636364,9.24772727272727,2.34402173913043,8.86589673913043,2.23636363636364,6.87272727272727,5.82926829268293,6.89336585365854,3.06896551724138,14.1027586206897,1.921,10.87525,0,35.311,2.05263157894737,0,0,0.22,0,2.69,0,0,0,0.67,0,0,69.5,4.92,1.34,0.89,0,0,0,0,0,19.8,14
"S3_LI1_DAY0",38,2.39594237400292,0.658662714447742,34.99,65.03,0,0,0,0,0,0,65.48,0,0,0,0.45,33.64,0,0,0,0,0,0.45,48531.613,0.9,36.32,49.78,9.43,3.59,0,14,5.38,1.35,93.29,0,0,15,0.45,87.46,12.11,0,0,12,1.35,23.78,23.77,49.33,1.8,11,4.04,23.77,9.88,59.64,0.9,0,11,0.9,4.49,32.3,11.21,49.33,1.8,11,0.45,9.43,88.35,0,0,1.8,11,0,0,1.35,8.52,37.23,49.78,1.35,1.8,11,2.22278177458034,6.8082134292566,5.62238805970149,75.6716417910448,3.20909090909091,4.75681818181818,2.33553054662379,7.34377009646302,1.76602564102564,4.63862179487179,2.70125260960334,7.16905010438413,2.1025641025641,6.23717948717949,6.83098591549296,4.17470422535211,3.41157556270096,16.2725080385852,2.48076923076923,8.21634615384615,4.51923810555881,10.0888571428571,2.30215740629143,0,0.97,0,0.72,1.21,0.49,0,0.24,0,0,0,22.63,27.98,4.38,0.73,0,0,0,0,0,40.7,21
"S3_LI2_DAY0",41,2.58989001156516,0.697412077925182,25.65,74,0,0,0,0.37,0,0,74,0.37,0,0,0.37,22.35,0,0,0,0,2.93,0,45003.5690277778,0.37,34.07,53.48,10.63,1.47,0,18,5.13,0.37,94.52,0,0,15,1.83,78.03,19.79,0.37,0,17,2.2,27.12,16.49,52.38,1.8,16,2.93,19.42,6.97,68.5,0.37,0,16,1.83,4.4,23.09,16.49,52.38,1.8,16,0,3.31,93.78,0.73,0,2.2,15,0,0,1.83,3.67,39.57,52.38,0.37,2.2,15,1.93347457627119,5.43400423728814,5.19182027649769,77.9377880184332,3.12665198237885,5.14840308370044,2.37623762376238,7.53712871287129,1.90315315315315,5.28997747747748,2.74301948051948,6.97065746753247,1.96694214876033,5.59297520661157,6.79174664107486,4.28119961612284,3.40357142857143,16.2218178571429,2.52838063439065,7.99019198664441,4.00759887387619,23.5406666666667,2.39232931362771,0,1.09,0,1.31,0.66,0,0,0,0,0.22,0,21.41,33.84,5.03,0,0,0,0,0,0,36.4,18
"S3_LI3_DAY0",53,3.0003708360937,0.7557053489826,19.51,65.95,13.48,0,0,0,0,1.06,68.08,2.84,0,0,0.35,13.83,0,0,0,13.48,1.42,0,247164.202972222,0,30.14,42.2,7.09,20.57,0,13,21.99,4.26,73.75,0,0,22,1.77,79.79,18.44,0,0,12,1.42,32.62,22.7,40.78,2.5,11,4.61,14.19,26.6,53.18,0,0,11,0.71,11.7,32.99,15.95,37.23,1.4,11,2.83,23.41,71.63,0,0,2.1,11,0,0,1.77,4.96,51.43,37.23,3.19,1.4,11,2.26113689095128,6.99040023201856,5.70123203285421,75.2566735112936,2.7995867768595,6.70196280991736,2.48025613660619,8.0312166488794,2.14430379746835,6.43544303797468,2.46970633693972,8.26889489953632,2.57795918367347,8.49530612244898,6.41731517509728,5.29740661478599,3.34014423076923,15.8201334134615,2.40470162748644,8.57766726943942,9.68434768085402,14.1244,2.33889191396678,0,0.96,0,2.16,11.72,0,0.48,1.92,0,0.48,0,19.86,28,2.64,1.67,0,0,0,0,0,30.1,26
"S3_X1_DAY0",20,1.65099664325414,0.5511162188387,12.21,87.79,0,0,0,0,0,0,88.07,0.57,0.28,0,1.42,9.38,0,0,0,0,0.28,0,84765.97,0.85,1.14,56.82,9.09,32.1,0,14,0,2.27,97.73,0,0,12,0,66.76,1.42,0,31.8,13,0,13.92,0.57,53.69,31.8,13,0.28,0.85,9.95,56.82,0.28,0,13,0,1.13,11.65,1.71,53.69,31.8,13,1.42,10.8,55.96,0,0,31.8,13,0,0,0,8.81,2.84,55.11,1.42,31.8,13,1.22703435804702,2.07841320072333,2.56903225806451,91.741935483871,3.53674698795181,3.20045180722892,2.01153284671533,5.80478102189781,1.44067796610169,3.09322033898305,3.06015228426396,5.46427664974619,2.01123595505618,5.80337078651685,7.33746678476528,2.80011514614703,3.74652087475149,18.3937166998012,2.65505494505494,7.38848901098901,2.01669137173653,23.5406666666667,2.35487187018136,0,0,0,0,0,0.23,0,1.64,0,0,0.47,1.16,45.09,7.47,26.4,0,0,0,0,0,17.5,13
"S3_X2_DAY0",16,1.17099002605604,0.422345375880371,1.61,98.4,0,0,0,0,0,0,98.67,0.27,0,0,0,1.07,0,0,0,0,0,0,67945.28,0.54,1.07,73.8,0.8,23.8,0,14,0,0.54,99.47,0,0,8,0,75.14,1.07,0,23.8,12,0,2.14,0.54,73.53,23.8,12,0.27,0.54,1.07,74.33,0,0,12,0,0.54,1.34,0.8,73.53,23.8,12,0,1.07,75.14,0,0,23.8,12,0,0,0,0.8,1.61,73.53,0.27,23.8,12,1.11404821280133,1.54172901080632,2.85105680317041,90.2575957727873,3.6281179138322,2.76643990929705,1.99138051857043,5.70905746320953,1.19025157232704,1.90369496855346,3.07647951441578,5.38672230652504,2.11827956989247,6.31182795698925,7.49321912919343,2.37740328336902,3.83732057416268,18.9687511961722,2.63896373056995,7.46492227979275,1.41720028925058,23.5406666666667,2.27042236834311,0,0,0,0,0,0.22,0,0.22,0,0,0.22,1.11,61.47,0.67,19.82,0,0,0,0,0,16.3,10
"S3_X3_DAY0",15,1.21374482473052,0.448198790493806,5.96,93.53,0.52,0,0,0,0,0,93.53,0,0,0,1.55,4.15,0,0,0,0.52,0.26,0,72582.12,0,1.3,74.87,4.15,19.69,0,11,0.52,1.55,97.94,0,0,9,0,79.8,1.04,0,19.2,10,0,6.74,0.78,73.32,19.2,10,0,0.52,4.41,75.65,0.26,0,10,0,0.26,6.22,1.04,73.32,19.2,10,1.55,4.67,74.62,0,0,19.2,10,0,0,0,3.89,2.08,74.87,0,19.2,10,1.11647157190635,1.55323996655518,3.2536496350365,88.1386861313869,3.62819025522042,2.76609628770301,1.98141720896602,5.66173174258858,1.19236641221374,1.91374045801527,3.08009049773756,5.36957013574661,1.95762711864407,5.54872881355932,7.48338150289017,2.40410260115607,3.86171875,19.12326484375,2.63602150537634,7.47889784946237,0,23.5406666666667,2.21275429406749,0,0,0,0,0.45,0,0,1.36,0,0,0,1.14,64.18,3.63,16.78,0,0,0,0,0,12.5,9
"S3_HI1_DAY0",19,1.58738249291853,0.539112035994007,12.78,87.22,0,0,0,0,0,0,88.64,0,1.14,0,0.28,9.94,0,0,0,0,0,0,79719.798,1.42,1.7,59.94,9.66,27.28,0,15,0.28,1.7,98.02,0,0,9,0.28,71.02,2.56,0,26.1,14,0.28,13.64,0.28,59.66,26.1,13,1.7,0.28,9.38,62.5,0,0,13,0.28,1.42,11.08,1.42,59.66,26.1,13,0.28,9.38,64.2,0,0,26.1,13,0,0,0.28,9.38,2.84,59.94,1.42,26.1,13,1.26613333333333,2.26413333333333,3.0945945945946,88.9758179231863,3.52063106796116,3.27700242718447,2.13144329896907,6.37435567010309,1.375,2.78125,2.9680649526387,5.90169147496617,2.06428571428571,6.05535714285714,7.21043627031651,3.14487596236099,3.82156133828996,18.8689479553903,2.64836448598131,7.42026869158878,0,23.5406666666667,2.29535082715345,0,0,0,0.24,0,1.18,0,0.24,0,0,0,1.42,49.41,7.76,22.59,0,0,0,0,0,17.2,9
"S3_HI2_DAY0",17,1.62992750050693,0.575292892759504,7.6,91.79,0.61,0,0,0,0,0,91.49,0.3,1.52,0,5.47,0.61,0,0,0,0.61,0,0,116868.2385,0,1.52,41.64,0.91,55.93,0,13,1.22,5.47,93.31,0,0,11,0.61,42.85,3.04,0,53.5,12,0.61,8.81,0.91,36.17,53.5,12,0.61,0.3,1.21,44.38,0,0,12,0.61,0.6,7.6,1.52,36.17,53.5,12,5.17,1.21,40.12,0,0,53.5,12,0,0,0.61,0,4.55,41.34,0,53.5,12,1.2289497716895,2.08751141552511,1.9884701912261,94.7975253093363,3.53172588832487,3.22430203045685,1.88026412325752,5.18125458547322,1.35905044510386,2.70548961424332,3.17447033898305,4.92126588983051,2.07738095238095,6.11755952380953,7.42125480153649,2.57271446862996,3.58970588235294,17.4006073529412,2.74814814814815,6.94629629629629,1.14576371046721,35.311,2.45589447650453,0,0,0,0.48,0.48,0,0,4.35,0,0,0,1.21,28.74,0.24,43.96,0,0,0,0,0,20.5,11
"S3_HI3_DAY0",19,1.58738249291853,0.539112035994007,12.78,87.22,0,0,0,0,0,0,88.64,0,1.14,0,0.28,9.94,0,0,0,0,0,0,79719.798,1.42,1.7,59.94,9.66,27.28,0,16,0.28,1.7,98.02,0,0,9,0.28,71.02,2.56,0,26.1,14,0.28,13.64,0.28,59.66,26.1,13,1.7,0.28,9.38,62.5,0,0,13,0.28,1.42,11.08,1.42,59.66,26.1,14,0.28,9.38,64.2,0,0,26.1,14,0,0,0.28,9.38,2.84,59.94,1.42,26.1,14,1.26613333333333,2.26413333333333,3.0945945945946,88.9758179231863,3.52063106796116,3.27700242718447,2.13144329896907,6.37435567010309,1.375,2.78125,2.9680649526387,5.90169147496617,2.06428571428571,6.05535714285714,7.21043627031651,3.14487596236099,3.82156133828996,18.8689479553903,2.64836448598131,7.42026869158878,0,23.5406666666667,2.29535082715345,0,0,0,0.24,0,1.18,0,0.24,0,0,0,1.42,49.41,7.76,22.59,0,0,0,0,0,17.2,9
"S3_LI1_DAY15",29,2.09830876829533,0.623143576994171,11.98,44.62,43.41,0,0,0,0,0,44.02,0,0,0,0.6,11.68,0,0,0,43.41,0.3,0,654018.52075,0.6,14.07,38.93,1.8,44.61,0,15,45.81,0,54.2,0,0,13,0,94.62,5.09,0.3,0,14,0,9.59,54.19,36.23,0,13,0.9,9.58,47.01,42.52,0,0,13,0,0.9,57.79,5.09,36.23,0,13,1.5,43.71,53.3,1.5,0,0,13,0,0,0,0.9,61.08,36.23,1.8,0,13,2.14880503144654,6.45682389937107,5.43279109589041,76.6695205479452,2.70779220779221,7.13798701298701,2.46805019305019,7.97323841698842,2.02460850111857,5.8668903803132,2.56204379562044,7.83029197080292,3.15102040816327,11.2173469387755,6.43227091633466,5.25681673306773,3.68196202531646,17.9848655063291,2.27010676156584,9.21699288256228,3.05473761257819,70.622,2.10482908301682,0,0,0,1.19,35.23,0,0,0,0,0,0.72,11.2,31.9,1.19,0.95,0,0,0,0,0,17.6,18
"S3_LI2_DAY15",37,2.45167008881562,0.678960349730105,7.55,49.51,42.3,0,0,0.66,0,0,48.85,0,0,0,1.32,4.92,0,0,0,42.3,2.63,0,651447.080860667,0.33,8.2,37.37,3.94,49.52,0.6,9,50.82,0.33,48.21,0,0.64,17,0,89.52,9.51,0.33,0.6,8,0,21.32,45.26,31.47,2,8,6.56,4.27,46.89,40.33,0,0,8,0,9.52,52.14,6.23,30.16,2,8,0.98,42.96,51.49,2.62,0,2,8,0,0,0,6.23,60.68,30.16,0.98,2,8,2.49586983729662,8.10538172715895,6.27777777777778,72.2222222222222,2.55574912891986,7.86019163763066,2.60050301810865,8.6023893360161,2.41549295774648,7.72359154929578,2.48003048780488,8.21985518292683,3.40984848484849,12.4467803030303,6.07023060796646,6.23939412997903,3.48817567567568,16.7576165540541,2.20634328358209,9.51986940298507,4.01355073107962,35.311,2.08079277914536,0,0.97,0,0.72,35.75,0,0,0,0.24,0,0.24,5.55,29.46,2.41,1.44,0,0.48,0,0,0,22.7,23
"S3_LI3_DAY15",33,2.08576796859576,0.596528945506117,15.51,42.49,42,0,0,0,0,0,43.44,0,0,0,0.48,4.53,0,0,0,42,9.55,0,640856.925,0,7.4,40.33,9.55,42.72,0,13,42.48,1.43,56.09,0,0,14,0,95.94,3.82,0,0.2,12,0,16.95,47.01,35.8,0.2,12,0.48,14.08,45.34,39.62,0.24,0,12,0,10.03,51.06,3.11,35.56,0.2,12,0,42.48,55.61,1.67,0,0.2,12,0,0,0,0.48,63.48,35.56,0.24,0.2,12,2.23235930735931,6.85370670995671,5.65932452276065,75.4772393538913,2.72848101265823,7.03971518987342,2.43107028753994,7.7975838658147,2.04318936877076,5.95514950166113,2.45592948717949,8.33433493589744,3.52751677852349,13.0057046979866,6.43114754098361,5.25986557377049,3.784,18.631072,2.24442748091603,9.33896946564886,3.06976450842243,35.311,2.07074703281359,0,0,0,0,34.3,0,0,1.16,0,0,0,6.37,31.6,7.71,0.38,0,0,0,0,0,18.5,17
"S3_X1_DAY15",25,1.46623097686813,0.455510264030817,8.03,90.26,1.7,0,0,0,0,0,90.02,0,0,0,0.73,7.06,0,0,0,1.7,0.24,0.24,88282.0434,0,3.65,73.96,3.41,18.97,0,10,1.94,0.73,97.32,0,0.01,13,0,82.47,0.49,0.24,16.8,9,0,5.59,5.35,72.26,16.8,9,0,3.65,6.07,73.48,0,0,9,0,0,10.7,0.48,72.02,16.8,9,0.73,5.59,76.4,0.48,0,16.8,9,0,0,0,3.41,6.56,72.75,0.48,16.8,9,1.20702446724546,1.98336621941594,3.48154848046309,86.9392185238785,3.57562076749436,3.01580135440181,2.03280461427541,5.90582191780822,1.23410404624277,2.11199421965318,3.05235294117647,5.50132352941177,2.2719298245614,7.04166666666667,7.36449864498645,2.72675067750677,3.83936324167873,18.9816874095514,2.6272921108742,7.52036247334755,0.995944256949109,14.1244,2.14516129032258,0,0,0,0,1.69,0,0,0.64,0,0,0,3.6,63.97,2.97,14.83,0,0,0,0,0,12.3,15
"S3_X2_DAY15",19,1.35052473753395,0.458669630136563,13.07,86.92,0,0,0,0,0,0,86.64,0.27,0,0,1.91,10.9,0,0,0,0,0.27,0,59189.21475,0.54,4.91,74.66,7.35,12.53,0,11,0,1.9,98.09,0,0.01,10,0,87.19,0.54,0,12.3,10,0,9.25,4.91,73.57,12.3,10,0.54,4.36,7.35,75.48,0,0,10,0,0.81,12.26,1.09,73.57,12.3,10,1.09,6.81,79.83,0,0,12.3,10,0,0,0,6.81,5.72,74.66,0.54,12.3,10,1.21906893464637,2.04057743957028,3.71316225165563,85.7201986754967,3.60201511335013,2.8904282115869,2.07051792828685,6.08496015936255,1.24922118380062,2.18380062305296,2.95506003430532,5.96346483704974,2.06086956521739,6.03913043478261,7.43007518796992,2.54877593984962,3.86385350318471,19.1367842356688,2.58125,7.7390625,0,23.5406666666667,2.21290322580645,0,0,0,0,0,0.47,0,0.95,0,0.24,0.47,4.26,63.83,6.39,10.64,0,0,0,0,0,12.8,11
"S3_X3_DAY15",20,1.45345515676125,0.485175250669829,8.21,90.8,1,0,0,0,0,0,90.8,0,0,0,2.74,4.97,0,0,0,1,0.5,0,87613.232375,0,1.24,69.16,3.98,25.63,0,17,1,2.74,96.27,0,0,10,0,75.38,0,0.25,24.4,16,0,7.22,2.24,66.17,24.4,16,0,1.49,4.98,68.91,0.25,0,16,0,0.25,9.21,0,66.17,24.4,16,2.74,5.23,67.66,0,0,24.4,16,0,0,0,3.73,2.74,68.91,0.25,24.4,16,1.16796193497224,1.79781919111816,3.20535714285714,88.3928571428571,3.59772727272727,2.91079545454545,1.98098591549296,5.65968309859155,1.22366288492707,2.06239870340357,3.1,5.275,2.07377049180328,6.10040983606557,7.39518633540373,2.64346428571428,3.83306055646481,18.9417725040917,2.66816283924843,7.32622651356994,0,23.5406666666667,2.15797359971459,0,0,0,0,0.87,0,0,2.39,0,0,0,1.08,58.14,3.47,21.48,0,0,0,0,0,12.6,11
"S3_HI1_DAY15",16,1.58311780250476,0.570989050704162,20.14,79.86,0,0,0,0,0,0,80.36,0,0.25,0,1.01,18.38,0,0,0,0,0,0,56203.223,0.5,10.58,69.78,8.56,10.58,0,15,0,1.51,98.49,0,0,9,0,88.66,1.01,0,10.3,14,0,11.08,9.82,68.77,10.3,13,0.5,9.82,8.56,70.03,0.76,0,13,0,0.5,19.64,0.76,68.77,10.3,13,1.01,9.32,79.34,0,0,10.3,13,0,0,0,8.56,10.83,69.78,0.5,10.3,13,1.33817292006525,2.60632137030995,3.54943502824859,86.5819209039548,3.56440281030445,3.06908665105387,2.1152466367713,6.29742152466368,1.30769230769231,2.46153846153846,2.95534407027818,5.96211566617862,1.95054945054945,5.51510989010989,7.3892365456821,2.65961201501877,3.76374442793462,18.50279346211,2.58263736263736,7.73247252747253,0,23.5406666666667,2.2828487422411,0,0,0,0,0,0.41,0,0.81,0,0,0,8.54,55.49,6.91,8.53,0,0,0,0,0,19.3,9
"S3_HI2_DAY15",16,1.44601690333857,0.521540353872042,9.13,90.86,0,0,0,0,0,0,91.11,1.02,0.25,0,0,7.36,0,0,0,0,0.25,0,72734.177,0.25,3.05,66.49,5.58,24.62,0,17,0,1.27,98.72,0,0.01,11,0,74.35,1.27,0,24.4,15,0,8.12,2.03,65.47,24.4,14,0,3.3,5.83,66.24,0.25,0,14,0,1.27,8.11,1.02,65.22,24.4,14,0.25,6.6,68.77,0,0,24.4,14,0,0,0,5.33,5.07,65.22,0,24.4,15,1.19,1.9025,2.88033635187581,90.1034928848642,3.58,2.995,2.02750342935528,5.88064128943758,1.278125,2.32109375,3.0359565807327,5.57920624151967,2.0078125,5.787109375,7.38552437223043,2.66968685376662,3.8675,19.1598775,2.64697286012526,7.42687891440501,4.70058471099009,35.311,2.27467159548485,0,0,0,0,0,0,0,1.07,0,0,0.21,2.58,55.15,4.72,20.81,0,0,0,0,0,15.5,11
"S3_HI3_DAY15",20,1.38210165280786,0.46135686590184,14.42,85.56,0,0,0,0,0,0,85.56,0.26,0.52,0,0.26,13.12,0,0,0,0,0.26,0,47459.246,0.26,10.49,79,4.72,5.51,0,15,0,0.52,99.46,0,0.02,12,0,92.9,2.09,0,5,13,0,7.59,8.92,78.48,5,13,0.26,9.18,4.72,78.99,1.84,0,13,0,0.78,13.9,1.83,78.48,5,13,0,6.82,88.17,0,0,5,13,0,0,0,4.46,11.53,78.48,0.52,5,13,1.24434706397897,2.16064855390009,4.34392789373814,82.4003795066414,3.6470189701897,2.67665989159892,2.03699222126188,5.92571305099395,1.15946348733234,1.75745156482861,3.05247349823322,5.50075088339223,1.79661016949153,4.78389830508475,7.41017385705087,2.60278815196394,3.84839203675345,19.0388667687596,2.63406593406593,7.48818681318681,1.12250725108592,35.311,2.17704817428659,0,0,0,0,0,0.23,0,0.23,0,0,0.23,9.15,68.65,4.12,4.81,0,0,0,0,0,12.6,13
"S3_LI1_DAY30",38,2.49830835223183,0.686803897565894,17.22,71.11,11.11,0,0,0.56,0,0,71.94,0.84,0,0,0.56,13.33,0,0,0,11.11,2.22,0,225593.874136111,0,14.99,62.22,7.5,14.73,0.6,10,17.78,1.67,79.99,0,0.56,18,5,77.77,15.28,1.39,0.6,9,5,22.22,18.05,53.06,1.7,8,5.28,8.05,17.22,67.78,0,0,9,5,2.5,30.27,7.5,53.06,1.7,9,0.56,13.33,83.61,0.83,0,1.7,9,0,0,5,0.28,38.6,53.06,1.39,1.7,9,1.95720844811754,5.54674012855831,5.04690189328743,78.7005163511188,3.13811728395062,5.09394290123457,2.34702166064982,7.39835288808664,1.72264150943396,4.43254716981132,2.59237288135593,7.68622881355932,2.81387755102041,9.61591836734694,6.84447900466563,4.13808398133748,3.50995024875622,16.8955149253731,2.40463483146067,8.5779845505618,4.524247716518,23.5406666666667,2.23482924075642,0,0.81,0,3.83,8.26,0,0,0.6,0,0.6,0,10.48,44.56,1.81,2.02,0,0.4,0,0,0,26.6,23
"S3_LI2_DAY30",38,2.27541363342574,0.625528450327316,14.31,42.18,43.49,0,0,0,0,0,42.44,0.26,0,0,0,9.63,0,0,0,43.49,3.9,0.26,669911.108272222,1.04,14.06,31.51,7.02,46.35,0,15,47.91,0.78,51.29,0,0.02,20,1.56,86.45,10.67,0.78,0.5,14,1.56,17.43,49.48,28.91,2.6,13,1.82,8.07,48.95,38.54,0,0,13,1.56,4.16,54.42,8.33,28.91,2.6,13,0.26,45.57,51.55,0,0,2.6,12,0,0,1.56,0.26,65.09,28.91,1.56,2.6,12,2.40630105017503,7.67992998833139,5.97289644012945,73.826860841424,2.60137195121951,7.64348323170732,2.43561403508772,7.81916666666667,2.12798264642082,6.35791757049891,2.43503184713376,8.43359872611465,3.26710963455149,11.7687707641196,6.2396449704142,5.77960355029586,3.75,18.41575,2.27359454855196,9.20042589437819,5.98730451096103,14.1244,2.13803382057896,0,1.61,0,1.4,33.93,0,0,0.4,0,0.2,0.8,9.64,24.09,4.02,1.8,0,0,0,0,0,22.1,23
"S3_LI3_DAY30",27,1.50598787251326,0.456936412128621,6.61,18.28,75.11,0,0,0,0,0,18.05,0.23,0,0,0,4.33,0,0,0,75.11,2.05,0.23,1118894.478075,0,4.11,14.16,3.41,78.32,0,19,77.39,0.23,22.38,0,0,16,0.68,93.38,4.11,1.37,0.5,18,0.68,7.77,77.85,12.33,1.4,18,1.14,3.65,78.08,15.76,0,0,18,0.68,1.6,83.33,0.69,12.33,1.4,18,0,76.26,22.37,0,0,1.4,18,0,0,0.68,0.46,84.47,12.33,0.69,1.4,18,3.02666666666667,10.6266666666667,5.79556354916067,74.7601918465228,2.23650234741784,9.37661384976526,2.6145880574452,8.6692932728647,2.66334661354582,8.90089641434263,2.16063122923588,9.73700166112957,3.82619647355164,14.4244332493703,5.56102362204724,7.62138188976378,3.89074074074074,19.3070611111111,1.91951672862454,10.8822955390335,4.55954995856486,17.6555,2.02110261144817,0,0.8,0,0.6,66.66,0,0,0.2,0,0,0,2.81,12.25,2.41,2.4,0,0,0,0,0,11.9,17
"S3_X1_DAY30",36,2.34363631020275,0.654004164747755,22.37,61.79,15.83,0,0,0,0,0,60.79,1.01,0.25,0,0.25,19.35,0,0,0,15.83,1.76,0.75,299506.350994445,0,12.31,46.23,12.06,29.39,0,19,21.85,1.26,76.88,0,0.01,22,0.75,81.91,5.27,1.26,10.8,17,0.75,20.1,21.11,42.96,15.1,15,1.25,6.54,29.15,47.73,0.25,0,15,0.75,2.26,35.44,3.51,42.96,15.1,17,0,28.65,56.02,0.25,0,15.1,17,0,0,0.75,9.3,29.65,42.96,2.26,15.1,17,1.72568359375,4.4469970703125,4.32301808066759,82.5104311543811,3.07968369829684,5.37150243309002,2.32898443291327,7.31267605633803,1.94327390599676,5.4805510534846,2.69814814814815,7.1837962962963,2.73539518900344,9.24312714776632,6.76511627906977,4.35347441860465,3.67445742904841,17.9373388981636,2.46726114649682,8.28050955414013,9.97536713389544,14.1244,2.28883660454461,0,3.61,0,0.64,14.23,0,0,0.85,0.21,0,0,6.58,38.42,9.76,10.61,0,0,0,0,0,15.1,24
"S3_X2_DAY30",32,2.05400927359652,0.592661798591529,15.74,72.59,11.66,0,0,0,0,0,71.42,0.29,0,0,3.21,10.49,0,0,0,11.66,1.75,1.17,216420.653852556,0.29,11.95,66.18,3.5,18.07,0,13,13.99,3.79,82.21,0,0.01,18,0,91.25,3.79,0,5,12,0,12.25,19.82,62.39,5.5,11,0.29,9.91,15.45,68.81,0,0,11,0,2.62,25.07,4.67,62.1,5.5,11,3.79,14.58,75.51,0.58,0,5.5,11,0,0,0,1.17,26.23,65.31,1.75,5.5,11,1.52520080321285,3.49470381526104,4.4537852112676,81.8221830985916,3.1677897574124,4.95299865229111,2.33324851569126,7.3329304495335,1.71794871794872,4.41025641025641,2.80708117443869,6.66636442141623,2.45,7.8875,6.99838969404187,3.72037037037037,3.78826530612245,18.6580841836735,2.44778254649499,8.37303290414878,7.06780818341394,10.0888571428571,2.20391796755433,0,0.47,0,0.47,10.25,0,0,2.79,0.23,0,0.23,8.85,50.11,2.33,4.2,0,0,0,0,0,20.1,18
"S3_X3_DAY30",35,1.89607145842106,0.533301219916779,8.87,71.06,20.05,0,0,0,0,0,69.79,0.25,0.51,0,0.25,6.34,0,0,0,20.05,1.52,1.27,350387.689263889,0,4.57,60.4,5.07,29.94,0,15,22.59,0.5,76.89,0,0.02,19,0.76,89.08,2.79,0.25,7.1,14,0.76,9.89,22.33,59.39,7.6,14,0.76,3.8,25.38,62.43,0,0,14,0.76,2.03,27.14,3.05,59.39,7.6,14,0.5,25.13,66.74,0,0,7.6,13,0,0,0.76,2.79,27.4,59.64,1.78,7.6,13,1.50103969754253,3.37993856332703,4.86480865224626,79.6589018302829,3.21882793017456,4.71056733167082,2.20418342719228,6.71987127916332,1.48165869218501,3.28787878787879,2.74743975903614,6.94966114457831,2.8979381443299,10.015206185567,6.98611111111111,3.75369444444445,3.89098837209302,19.3086293604651,2.5094682230869,8.08002594033722,5.38162078065135,11.7703333333333,2.1073197884776,0,0.45,0,0.67,18.79,0,0,0.22,0,0.22,0,3.58,53.91,4.47,7.38,0,0,0,0,0,10.3,23
"S3_HI1_DAY30",11,1.14519993760349,0.47758546863768,5.09,94.61,0.3,0,0,0,0,0,94.61,0,0,0,0,5.09,0,0,0,0.3,0,0,50380.529,0,2.4,89.82,3.29,4.49,0,10,0.3,0,99.7,0,0,7,0,95.21,0.6,0,4.2,10,0,3.29,2.7,89.82,4.2,10,0,2.4,3.59,89.22,0.6,0,10,0,0,5.99,0,89.82,4.2,10,0,3.59,92.22,0,0,4.2,10,0,0,0,2.69,3.3,89.82,0,4.2,10,1.24692307692308,2.17288461538462,3.1001300390117,88.9466840052016,3.5436170212766,3.16781914893617,2.24855570839065,6.93063961485557,1.23005319148936,2.09275265957447,2.78654545454545,6.76390909090909,1.98757763975155,5.69099378881988,7.49014238773275,2.38575355969332,3.72064777327935,18.2298623481781,2.48353067814855,8.2032292787944,0,35.311,2.38689943300507,0,0,0,0,0.21,0,0,0,0,0,0,1.65,61.73,2.26,2.88,0,0,0,0,0,31.3,7
"S3_HI2_DAY30",22,1.53356116227885,0.496130734345847,16.52,83.03,0.47,0,0,0,0,0,83.27,0,0.71,0,0.24,14.62,0,0,0,0.47,0.71,0,64787.7105,0,3.53,75.49,12.74,8.26,0,15,0.71,0.48,98.83,0,0,13,0,91.05,1.65,0,7.3,14,0,14.63,3.3,74.77,7.3,14,0,3.3,12.98,74.06,2.36,0,14,0,0.71,16.28,0.94,74.77,7.3,14,0.24,14.86,77.6,0,0,7.3,14,0,0,0,12.03,5.66,75.01,0,7.3,14,1.29552352048558,2.40373672230653,3.87773722627738,84.8540145985401,3.52800829875519,3.24196058091286,2.18158244680851,6.61251662234043,1.36529126213592,2.73513349514563,2.91143617021277,6.17067819148936,1.88392857142857,5.19866071428571,7.30466970387244,2.8891264236902,3.84454912516824,19.0145296096904,2.56593059936909,7.81182965299685,0.936991683772062,14.1244,2.23641731047045,0,0,0.2,0,0.39,0,0,0.4,0,0,0,2.94,62.16,10.59,6.47,0,0,0,0,0,16.8,13
"S3_HI3_DAY30",19,1.74506215962732,0.592663720312974,15.56,83.87,0.58,0,0,0,0,0,84.16,0,2.88,0,0,12.39,0,0,0,0.58,0,0,75135.4215,0.29,6.05,68.3,6.63,18.74,0,12,0.87,0.29,98.85,0,0,11,0,81.85,3.17,0,15,12,0,10.38,6.34,68.3,15,12,0.58,5.76,7.21,71.18,0.29,0,12,0,0.58,15.85,0.29,68.3,15,12,0,7.5,77.52,0,0,15,12,0,0,0,6.92,9.51,68.3,0.29,15,12,1.37567796610169,2.78447033898305,3.31495786516854,87.8160112359551,3.49357476635514,3.40551985981309,2.2184012066365,6.78740573152338,1.3252427184466,2.54490291262136,2.90774647887324,6.18820422535211,2.01351351351351,5.81418918918919,7.28441649196366,2.94409364081062,3.77058823529412,18.5461352941176,2.57831603229527,7.75299884659746,0,17.6555,2.35679869845441,0,0,0,0,0.65,0.22,0,0,0,0,0,4.52,50.97,4.95,13.33,0,0,0,0,0,25.4,11
"S3_LI1_DAY45",42,2.23619507493057,0.598285911625761,37.3,49.21,12.59,0,0,0.23,0.23,0.46,49.44,0,0,12.59,0.23,36.38,0,0.23,0,0,0.92,0.23,50067.5517,0,38.67,43.03,15.57,2.52,0.2,14,4.57,0,82.63,0,12.8,18,1.6,81.02,16.94,0.23,0.2,12,1.37,8.71,46,41.88,2,11,3.2,35.02,1.61,46,12.59,0,11,1.14,3.9,35.25,16.25,41.88,1.6,11,0.92,13.74,83.53,0.23,0,1.6,11,0,0,1.6,2.75,51.96,41.88,0.23,1.6,11,2.0164395229983,5.82808773424191,6.00344234079174,73.6660929432014,3.21864951768489,4.71141479099678,2.35135135135135,7.41891891891892,1.68224299065421,4.24065420560748,2.58174807197943,7.73669665809769,2.27624309392265,7.0621546961326,7.06112054329372,3.55011884550085,3.3780487804878,16.0601829268293,2.47100149476831,8.26274289985052,11.9980981167969,17.6555,2.22950115909676,0,1.1,0,0.92,1.65,0,0,0,0,0,0,30.22,34.61,2.01,0.54,0,0.18,0,10.07,0,18.7,24
"S3_LI2_DAY45",34,2.24494798101171,0.636618963188986,16.33,49.73,33.16,0,0,0.79,0,0,49.47,0.79,0,33.16,0.79,10.8,0,0,0,0,4.74,0.26,97230.4874472222,1.58,17.38,38.68,37.64,3.94,0.8,10,4.48,0.79,60.79,0,33.94,18,1.32,59.75,35.26,2.63,1,9,2.37,8.16,40.27,46.84,2.4,9,2.64,8.43,9.47,43.94,33.16,0,9,2.11,3.43,17.37,36.84,37.89,2.4,9,0,43.16,54.48,0,0,2.4,9,0,0,2.11,0.79,56.59,37.89,0.26,2.4,9,1.76344827586207,4.62637931034483,6.08043478260869,73.2608695652174,2.98684210526316,5.8125,2.46197068403909,7.94436074918567,2.05061082024433,5.99040139616056,2.72980251346499,7.03343806104129,2.09003984063745,6.17768924302789,7.03716814159292,3.61512566371681,2.95250320924262,13.3652028241335,2.42869440459111,8.46370157819225,19.4347973335542,14.1244,1.97560975609756,0,1.1,0,1.98,0.66,0,0,0.44,0,0.22,1.32,13.44,31.94,1.76,2.64,0,0.66,0,27.75,0,16.1,20
"S3_LI3_DAY45",38,2.6875670143173,0.738832537926595,23.31,46.32,30.06,0,0,0.31,0,0,45.71,0,0,30.06,0.62,17.18,0,0,0,0,5.82,0.61,107941.976375,0,23.62,31.6,34.05,10.42,0.3,16,7.05,0.31,62.27,0,30.37,20,0.31,59.81,34.05,4.9,0.9,16,0.62,17.16,44.79,34.97,2.5,14,4.6,17.18,7.05,37.73,30.98,0,14,0.31,7.05,24.23,34.66,31.29,2.5,14,0,37.72,59.82,0,0,2.5,14,0,0,0.31,5.21,60.12,31.29,0.61,2.5,15,2.29023397761953,7.12861139369278,6.34375,71.875,2.79568106312292,6.72051495016611,2.56754716981132,8.44584905660377,2.36758893280632,7.49604743083004,2.62773913043478,7.51823913043478,2.47945205479452,8.02739726027397,6.628125,4.72526875,2.88349514563107,12.9281747572816,2.33888888888889,8.89027777777778,13.5751602184072,10.0888571428571,2.06769370185773,0,1.03,0,0.42,3.3,0,0,0.21,0,0,0,14.88,22.51,2.27,3.72,0,0.21,0,20.25,0,31.2,23
"S3_X1_DAY45",44,2.85734118881124,0.755073467566336,18.35,71.35,10.03,0,0,0,0,0.29,70.78,0.86,1.15,10.03,1.43,14.33,0,0,0,0,1.15,0.29,127708.609497222,0,8.88,35.82,28.09,27.23,0,9,6.02,1.72,82.25,0,10.01,23,3.44,52.72,22.65,1.15,20,7,3.44,26.09,12.32,35.53,22.6,7,3.15,2.87,19.78,41.27,10.6,0,7,3.15,4.87,20.65,14.33,34.67,22.3,7,1.72,22.64,53.31,0,0,22.3,7,0,0,3.44,7.17,31.24,35.53,0.29,22.3,7,1.87973094170404,5.17872197309417,3.72596843615495,85.6527977044476,3.11394101876676,5.20878016085791,2.44804630969609,7.87821997105644,2.03734439834025,5.92738589211618,2.66691792294807,7.33213986599665,2.25714285714286,6.97142857142857,6.61189801699717,4.76930878186969,3.24532224532225,15.2196257796258,2.49675174013921,8.14042923433874,9.57186809445518,10.0888571428571,2.27407130158136,0,1.63,0,2.44,0.2,0,0,0.61,0,0.61,0,4.68,26.28,10.39,18.52,0,0,0,7.13,0,27.5,25
"S3_X2_DAY45",33,2.39334005591906,0.684494460213683,16.58,72.01,11.43,0,0,0,0,0,72.29,1.14,0.57,11.43,1.15,9.15,0,0,0,0,4,0.29,137440.237158333,0,5.44,52.58,19.43,22.57,0,10,2.87,2.86,82.86,0,11.41,20,2,63.45,15.43,3.43,15.7,9,2.29,16.58,14.29,50.86,16,9,2,4.57,7.72,58.01,11.72,0,9,2,3.43,13.43,14.3,50.86,16,9,2,17.73,64.29,0,0,16,9,0,0,2,4.29,25.72,51.72,0.29,16,9,1.65789473684211,4.125,3.46527777777778,87.0248538011696,3.19360465116279,4.83037790697674,2.43010600706714,7.79300353356891,1.75216637781629,4.57279029462738,2.72671755725191,7.04809160305343,2.12035398230088,6.3216814159292,6.88617886178862,4.02491056910569,3.43138936535163,16.3979888507719,2.48976190476191,8.17363095238095,11.0890810820039,10.0888571428571,2.26282101319179,0,0.2,0,1.59,0.2,0,0,1.2,0,0.8,0,3.58,35.86,3.99,14.75,0,0,0,7.97,0,29.9,22
"S3_X3_DAY45",28,1.95200165074326,0.585798874223547,12.01,79.5,8.52,0,0,0,0,0,77.93,1.58,0,8.52,2.21,5.37,0,0,0,0,2.53,1.89,84959.724225,0.32,4.73,75.09,12.95,6.94,0,19,4.42,4.11,82.98,0,8.49,17,1.58,82.98,11.05,0.95,3.4,17,1.58,11.69,10.73,71.61,4.4,15,1.58,5.05,3.8,76.66,8.52,0,15,1.58,3.16,6.96,12.3,71.61,4.4,16,2.84,12.31,80.46,0,0,4.4,14,0,0,1.58,0.95,17.37,73.82,1.89,4.4,15,1.40788954635108,2.93747534516765,3.76258680555556,85.4600694444444,3.23899755501222,4.61476161369193,2.39075959279561,7.60610806577917,1.66816143497758,4.1737668161435,2.74951185495119,6.93981868898187,2.1096,6.2706,7.19452247191011,3.18806601123595,3.5488188976378,17.1416700787402,2.42747804265997,8.46947929736512,16.1650300255344,10.0888571428571,2.31264973646382,0,0.66,0,1.1,1.32,0,0,2.42,0,0.44,0.22,2.86,50,1.98,3.08,0,0,0,5.95,0,30,18
"S3_HI1_DAY45",15,1.2891708205379,0.476051300678691,10.22,89.78,0,0,0,0,0,0,89.78,0,0.55,0,1.66,8.01,0,0,0,0,0,0,48213.787,0,3.59,87.02,4.42,4.97,0,15,0,1.66,98.34,0,0,7,0,95.03,0.55,0,4.4,14,0,6.63,3.59,85.36,4.4,14,0,3.59,4.42,87.29,0.28,0,14,0,0,10.22,0,85.36,4.4,14,1.66,4.7,89.22,0,0,4.4,14,0,0,0,4.42,4.14,87.02,0,4.4,14,1.24646128226478,2.1706910907577,3.61532738095238,86.2351190476191,3.56997742663657,3.0426072234763,2.16785449146251,6.54730883444692,1.21680216802168,2.02981029810298,2.89445350734095,6.25134584013051,1.98101265822785,5.65981012658228,7.44004524886878,2.52171719457013,3.73445945945946,18.3173317567568,2.54467391304348,7.91279891304348,0,35.311,2.29120607160535,0,0,0,0,0,0,0,1.26,0,0,0,2.72,64.86,3.35,3.98,0,0,0,0,0,23.8,9
"S3_HI2_DAY45",17,1.62668943809237,0.574149998800831,28.3,71.72,0,0,0,0,0,0,71.72,0.39,0.39,0,0,27.52,0,0,0,0,0,0,56649.4136666667,1.55,16.28,67.45,10.08,4.66,0,15,0.39,0.39,99.24,0,0,11,0,95.36,0.78,0,3.9,14,0,12.03,17.05,66.67,4.2,13,0,15.89,10.86,68.61,0.39,0,14,0,0.39,26.75,1.94,66.67,4.2,14,0.39,11.25,84.11,0,0,4.2,14,0,0,0,10.08,18.22,66.67,0.78,4.2,14,1.58548223350254,3.78104060913706,2.30599787685775,93.1263269639066,3.41981132075472,3.75589622641509,2.3413528055342,7.37142582628747,1.52246256239601,3.48169717138103,2.80105105105105,6.69500750750751,1.98738170347003,5.69006309148265,7.47287615148413,2.43261412487206,3.24882629107981,15.2418169014085,2.43912133891213,8.41417364016736,0.954495804170421,35.311,2.64260045736687,0,0.19,0,0,0,0,0,0,0,0.19,0.77,7.87,33.39,4.99,2.11,0,0,0,0,0,50.5,11
"S3_HI3_DAY45",15,1.5183489071992,0.560679749061231,18.21,81.79,0,0,0,0,0,0,81.79,0,0.87,0,0,17.34,0,0,0,0,0,0,52747.617,0,7.8,76.59,9.54,6.07,0,13,0,0,100,0,0,6,0,93.93,0.87,0,5.2,12,0,10.41,7.8,76.59,5.2,12,0,7.8,9.54,76.59,0.87,0,12,0,0,18.21,0,76.59,5.2,12,0,10.41,84.39,0,0,5.2,12,0,0,0,9.54,8.67,76.59,0,5.2,12,1.33177737881508,2.57594254937163,3.42972350230415,87.2119815668203,3.57315521628499,3.02751272264631,2.14358759430008,6.4320410729254,1.32840236686391,2.55991124260355,2.99115442278861,5.79201649175412,1.95408163265306,5.53188775510204,7.3598233995585,2.73943929359823,3.63387573964497,17.6803350591716,2.59098901098901,7.6928021978022,0,70.622,2.2976456326166,0,0,0,0,0,0,0,0,0,0,0,5.67,55.88,6.93,4.41,0,0,0,0,0,27.1,7
